invoice_id,subscription_id,invoice_date,amount,currency,status
I000001,S00001,2024-10-20,29.00,EUR,failed
I000002,S00001,2024-11-20,29.00,EUR,paid
I000003,S00001,2024-12-20,29.00,EUR,paid
I000004,S00001,2025-01-20,29.00,EUR,paid
I000005,S00001,2025-02-20,29.00,EUR,paid
I000006,S00001,2025-03-20,29.00,EUR,paid
I000007,S00001,2025-04-20,29.00,EUR,open
I000008,S00001,2025-05-20,29.00,EUR,paid
I000009,S00001,2025-06-20,29.00,EUR,paid
I000010,S00001,2025-07-20,29.00,EUR,paid
I000011,S00001,2025-08-20,29.00,EUR,paid
I000012,S00001,2025-09-20,29.00,EUR,paid
I000013,S00001,2025-10-20,29.00,EUR,paid
I000014,S00001,2025-11-20,29.00,EUR,paid
I000015,S00001,2025-12-20,29.00,EUR,paid
I000016,S00001,2026-01-20,29.00,EUR,failed
I000017,S00001,2026-02-20,29.00,EUR,paid
I000018,S00001,2026-03-20,29.00,EUR,paid
I000019,S00001,2026-04-20,29.00,EUR,paid
I000020,S00001,2026-05-20,29.00,EUR,paid
I000021,S00001,2026-06-20,29.00,EUR,paid
I000022,S00001,2026-07-20,29.00,EUR,open
I000023,S00002,2024-04-01,29.00,EUR,paid
I000024,S00002,2024-05-01,29.00,EUR,paid
I000025,S00002,2024-06-01,29.00,EUR,paid
I000026,S00002,2024-07-01,29.00,EUR,paid
I000027,S00002,2024-08-01,29.00,EUR,paid
I000028,S00002,2024-09-01,29.00,EUR,paid
I000029,S00002,2024-10-01,29.00,EUR,paid
I000030,S00002,2024-11-01,29.00,EUR,paid
I000031,S00002,2024-12-01,29.00,EUR,paid
I000032,S00002,2025-01-01,29.00,EUR,paid
I000033,S00002,2025-02-01,29.00,EUR,paid
I000034,S00002,2025-03-01,29.00,EUR,paid
I000035,S00002,2025-04-01,29.00,EUR,paid
I000036,S00002,2025-05-01,29.00,EUR,paid
I000037,S00002,2025-06-01,29.00,EUR,open
I000038,S00002,2025-07-01,29.00,EUR,paid
I000039,S00002,2025-08-01,29.00,EUR,paid
I000040,S00002,2025-09-01,29.00,EUR,paid
I000041,S00002,2025-10-01,29.00,EUR,paid
I000042,S00002,2025-11-01,29.00,EUR,paid
I000043,S00002,2025-12-01,29.00,EUR,paid
I000044,S00002,2026-01-01,29.00,EUR,paid
I000045,S00002,2026-02-01,29.00,EUR,paid
I000046,S00002,2026-03-01,29.00,EUR,paid
I000047,S00002,2026-04-01,29.00,EUR,paid
I000048,S00002,2026-05-01,29.00,EUR,paid
I000049,S00002,2026-06-01,29.00,EUR,paid
I000050,S00002,2026-07-01,29.00,EUR,paid
I000051,S00003,2024-02-29,29.00,EUR,paid
I000052,S00003,2024-03-29,29.00,EUR,open
I000053,S00003,2024-04-29,29.00,EUR,paid
I000054,S00003,2024-05-29,29.00,EUR,failed
I000055,S00003,2024-06-29,29.00,EUR,paid
I000056,S00003,2024-07-29,29.00,EUR,paid
I000057,S00003,2024-08-29,29.00,EUR,paid
I000058,S00003,2024-09-29,29.00,EUR,paid
I000059,S00003,2024-10-29,29.00,EUR,paid
I000060,S00003,2024-11-29,29.00,EUR,paid
I000061,S00003,2024-12-29,29.00,EUR,paid
I000062,S00003,2025-01-29,29.00,EUR,paid
I000063,S00003,2025-02-28,29.00,EUR,paid
I000064,S00003,2025-03-28,29.00,EUR,paid
I000065,S00003,2025-04-28,29.00,EUR,paid
I000066,S00003,2025-05-28,29.00,EUR,paid
I000067,S00003,2025-06-28,29.00,EUR,paid
I000068,S00003,2025-07-28,29.00,EUR,failed
I000069,S00003,2025-08-28,29.00,EUR,paid
I000070,S00003,2025-09-28,29.00,EUR,paid
I000071,S00003,2025-10-28,29.00,EUR,paid
I000072,S00003,2025-11-28,29.00,EUR,paid
I000073,S00003,2025-12-28,29.00,EUR,open
I000074,S00003,2026-01-28,29.00,EUR,paid
I000075,S00003,2026-02-28,29.00,EUR,paid
I000076,S00003,2026-03-28,29.00,EUR,paid
I000077,S00003,2026-04-28,29.00,EUR,paid
I000078,S00003,2026-05-28,29.00,EUR,paid
I000079,S00003,2026-06-28,29.00,EUR,paid
I000080,S00003,2026-07-28,29.00,EUR,paid
I000081,S00004,2025-07-15,299.00,EUR,open
I000082,S00004,2025-08-15,299.00,EUR,paid
I000083,S00004,2025-09-15,299.00,EUR,paid
I000084,S00004,2025-10-15,299.00,EUR,paid
I000085,S00004,2025-11-15,299.00,EUR,paid
I000086,S00004,2025-12-15,299.00,EUR,paid
I000087,S00004,2026-01-15,299.00,EUR,paid
I000088,S00004,2026-02-15,299.00,EUR,paid
I000089,S00004,2026-03-15,299.00,EUR,paid
I000090,S00004,2026-04-15,299.00,EUR,paid
I000091,S00004,2026-05-15,299.00,EUR,paid
I000092,S00004,2026-06-15,299.00,EUR,paid
I000093,S00004,2026-07-15,299.00,EUR,paid
I000094,S00005,2024-09-04,299.00,EUR,paid
I000095,S00005,2024-10-04,299.00,EUR,paid
I000096,S00005,2024-11-04,299.00,EUR,paid
I000097,S00005,2024-12-04,299.00,EUR,paid
I000098,S00005,2025-01-04,299.00,EUR,paid
I000099,S00005,2025-02-04,299.00,EUR,paid
I000100,S00005,2025-03-04,299.00,EUR,paid
I000101,S00005,2025-04-04,299.00,SEK,paid
I000102,S00005,2025-05-04,299.00,EUR,paid
I000103,S00005,2025-06-04,299.00,EUR,paid
I000104,S00005,2025-07-04,299.00,EUR,paid
I000105,S00005,2025-08-04,299.00,EUR,paid
I000106,S00005,2025-09-04,299.00,EUR,paid
I000107,S00005,2025-10-04,299.00,EUR,paid
I000108,S00005,2025-11-04,299.00,EUR,paid
I000109,S00005,2025-12-04,299.00,EUR,paid
I000110,S00005,2026-01-04,299.00,EUR,paid
I000111,S00005,2026-02-04,299.00,EUR,paid
I000112,S00005,2026-03-04,299.00,EUR,paid
I000113,S00005,2026-04-04,299.00,EUR,paid
I000114,S00005,2026-05-04,299.00,EUR,paid
I000115,S00005,2026-06-04,299.00,EUR,paid
I000116,S00005,2026-07-04,299.00,EUR,paid
I000117,S00006,2025-05-23,29.00,EUR,paid
I000118,S00006,2025-06-23,29.00,EUR,paid
I000119,S00006,2025-07-23,29.00,EUR,paid
I000120,S00006,2025-08-23,29.00,EUR,paid
I000121,S00006,2025-09-23,29.00,EUR,paid
I000122,S00006,2025-10-23,29.00,EUR,paid
I000123,S00006,2025-11-23,29.00,EUR,paid
I000124,S00006,2025-12-23,29.00,EUR,paid
I000125,S00006,2026-01-23,29.00,EUR,paid
I000126,S00006,2026-02-23,29.00,EUR,paid
I000127,S00006,2026-03-23,29.00,EUR,paid
I000128,S00006,2026-04-23,29.00,EUR,paid
I000129,S00006,2026-05-23,29.00,EUR,paid
I000130,S00006,2026-06-23,29.00,EUR,open
I000131,S00006,2026-07-23,29.00,EUR,paid
I000132,S00007,2025-11-07,299.00,EUR,paid
I000133,S00007,2025-12-07,299.00,EUR,open
I000134,S00007,2026-01-07,299.00,EUR,open
I000135,S00007,2026-02-07,299.00,EUR,paid
I000136,S00007,2026-03-07,299.00,EUR,paid
I000137,S00007,2026-04-07,299.00,EUR,paid
I000138,S00007,2026-05-07,299.00,EUR,paid
I000139,S00007,2026-06-07,299.00,EUR,paid
I000140,S00007,2026-07-07,299.00,EUR,paid
I000141,S00008,2024-07-11,29.00,EUR,paid
I000142,S00008,2024-08-11,29.00,EUR,paid
I000143,S00008,2024-09-11,29.00,EUR,paid
I000144,S00008,2024-10-11,29.00,EUR,paid
I000145,S00008,2024-11-11,29.00,EUR,open
I000146,S00008,2024-12-11,29.00,EUR,paid
I000147,S00008,2025-01-11,29.00,EUR,paid
I000148,S00008,2025-02-11,29.00,EUR,paid
I000149,S00008,2025-03-11,29.00,EUR,paid
I000150,S00008,2025-04-11,29.00,EUR,paid
I000151,S00008,2025-05-11,29.00,EUR,paid
I000152,S00008,2025-06-11,29.00,EUR,paid
I000153,S00008,2025-07-11,29.00,EUR,paid
I000154,S00008,2025-08-11,29.00,EUR,paid
I000155,S00008,2025-09-11,29.00,EUR,paid
I000156,S00008,2025-10-11,29.00,EUR,paid
I000157,S00008,2025-11-11,29.00,EUR,paid
I000158,S00008,2025-12-11,29.00,EUR,paid
I000159,S00008,2026-01-11,29.00,EUR,open
I000160,S00008,2026-02-11,29.00,EUR,paid
I000161,S00008,2026-03-11,29.00,EUR,paid
I000162,S00008,2026-04-11,29.00,EUR,paid
I000163,S00008,2026-05-11,29.00,EUR,paid
I000164,S00008,2026-06-11,29.00,EUR,paid
I000165,S00008,2026-07-11,29.00,EUR,paid
I000166,S00009,2024-07-16,299.00,EUR,paid
I000167,S00009,2024-08-16,299.00,EUR,paid
I000168,S00009,2024-09-16,299.00,EUR,paid
I000169,S00009,2024-10-16,299.00,EUR,paid
I000170,S00009,2024-11-16,299.00,EUR,paid
I000171,S00009,2024-12-16,299.00,EUR,paid
I000172,S00009,2025-01-16,299.00,EUR,paid
I000173,S00009,2025-02-16,299.00,EUR,paid
I000174,S00009,2025-03-16,299.00,EUR,paid
I000175,S00009,2025-04-16,299.00,EUR,paid
I000176,S00009,2025-05-16,299.00,EUR,open
I000177,S00009,2025-06-16,299.00,EUR,paid
I000178,S00009,2025-07-16,299.00,EUR,paid
I000179,S00009,2025-08-16,299.00,EUR,paid
I000180,S00009,2025-09-16,299.00,EUR,open
I000181,S00009,2025-10-16,299.00,EUR,paid
I000182,S00009,2025-11-16,299.00,EUR,paid
I000183,S00009,2025-12-16,299.00,EUR,paid
I000184,S00009,2026-01-16,299.00,EUR,paid
I000185,S00009,2026-02-16,299.00,EUR,paid
I000186,S00009,2026-03-16,299.00,EUR,paid
I000187,S00009,2026-04-16,299.00,EUR,paid
I000188,S00009,2026-05-16,299.00,EUR,paid
I000189,S00009,2026-06-16,299.00,EUR,paid
I000190,S00009,2026-07-16,299.00,EUR,paid
I000191,S00010,2024-05-26,299.00,EUR,paid
I000192,S00010,2024-06-26,299.00,EUR,paid
I000193,S00010,2024-07-26,299.00,EUR,paid
I000194,S00010,2024-08-26,299.00,EUR,open
I000195,S00010,2024-09-26,299.00,EUR,open
I000196,S00010,2024-10-26,299.00,EUR,paid
I000197,S00010,2024-11-26,299.00,EUR,paid
I000198,S00010,2024-12-26,299.00,EUR,paid
I000199,S00010,2025-01-26,299.00,EUR,paid
I000200,S00010,2025-02-26,299.00,EUR,paid
I000201,S00011,2025-01-08,299.00,SEK,open
I000202,S00011,2025-02-08,299.00,EUR,paid
I000203,S00011,2025-03-08,299.00,EUR,paid
I000204,S00011,2025-04-08,299.00,EUR,paid
I000205,S00011,2025-05-08,299.00,EUR,paid
I000206,S00011,2025-06-08,299.00,EUR,paid
I000207,S00011,2025-07-08,299.00,EUR,paid
I000208,S00011,2025-08-08,299.00,EUR,paid
I000209,S00011,2025-09-08,299.00,EUR,paid
I000210,S00011,2025-10-08,299.00,EUR,open
I000211,S00012,2025-02-09,29.00,EUR,paid
I000212,S00012,2025-03-09,29.00,EUR,paid
I000213,S00012,2025-04-09,29.00,EUR,paid
I000214,S00012,2025-05-09,29.00,EUR,paid
I000215,S00012,2025-06-09,29.00,EUR,paid
I000216,S00012,2025-07-09,29.00,EUR,paid
I000217,S00012,2025-08-09,29.00,EUR,paid
I000218,S00012,2025-09-09,29.00,EUR,paid
I000219,S00012,2025-10-09,29.00,EUR,paid
I000220,S00012,2025-11-09,29.00,EUR,paid
I000221,S00013,2025-05-13,99.00,EUR,paid
I000222,S00013,2025-06-13,99.00,EUR,paid
I000223,S00013,2025-07-13,99.00,EUR,paid
I000224,S00013,2025-08-13,99.00,EUR,paid
I000225,S00013,2025-09-13,99.00,EUR,paid
I000226,S00013,2025-10-13,99.00,EUR,paid
I000227,S00013,2025-11-13,99.00,EUR,paid
I000228,S00013,2025-12-13,99.00,EUR,paid
I000229,S00013,2026-01-13,99.00,EUR,paid
I000230,S00013,2026-02-13,99.00,EUR,paid
I000231,S00013,2026-03-13,99.00,EUR,paid
I000232,S00013,2026-04-13,99.00,EUR,paid
I000233,S00013,2026-05-13,99.00,EUR,open
I000234,S00013,2026-06-13,99.00,EUR,open
I000235,S00013,2026-07-13,99.00,EUR,paid
I000236,S00014,2024-04-10,99.00,EUR,paid
I000237,S00014,2024-05-10,99.00,EUR,paid
I000238,S00014,2024-06-10,99.00,EUR,paid
I000239,S00015,2025-02-18,99.00,EUR,failed
I000240,S00015,2025-03-18,99.00,EUR,paid
I000241,S00015,2025-04-18,99.00,EUR,paid
I000242,S00015,2025-05-18,99.00,EUR,paid
I000243,S00015,2025-06-18,99.00,EUR,failed
I000244,S00015,2025-07-18,99.00,EUR,paid
I000245,S00015,2025-08-18,99.00,EUR,paid
I000246,S00015,2025-09-18,99.00,EUR,paid
I000247,S00015,2025-10-18,99.00,EUR,paid
I000248,S00015,2025-11-18,99.00,EUR,paid
I000249,S00015,2025-12-18,99.00,EUR,paid
I000250,S00015,2026-01-18,99.00,EUR,paid
I000251,S00015,2026-02-18,99.00,EUR,paid
I000252,S00015,2026-03-18,99.00,EUR,paid
I000253,S00015,2026-04-18,99.00,EUR,paid
I000254,S00015,2026-05-18,99.00,EUR,paid
I000255,S00015,2026-06-18,99.00,EUR,paid
I000256,S00015,2026-07-18,99.00,EUR,paid
I000257,S00016,2024-03-08,99.00,EUR,paid
I000258,S00016,2024-04-08,99.00,EUR,paid
I000259,S00016,2024-05-08,99.00,EUR,failed
I000260,S00016,2024-06-08,99.00,EUR,paid
I000261,S00016,2024-07-08,99.00,EUR,paid
I000262,S00016,2024-08-08,99.00,EUR,paid
I000263,S00016,2024-09-08,99.00,EUR,paid
I000264,S00016,2024-10-08,99.00,EUR,paid
I000265,S00016,2024-11-08,99.00,EUR,paid
I000266,S00016,2024-12-08,99.00,EUR,paid
I000267,S00016,2025-01-08,99.00,EUR,paid
I000268,S00016,2025-02-08,99.00,EUR,open
I000269,S00016,2025-03-08,99.00,EUR,paid
I000270,S00016,2025-04-08,99.00,EUR,paid
I000271,S00016,2025-05-08,99.00,EUR,paid
I000272,S00016,2025-06-08,99.00,EUR,paid
I000273,S00016,2025-07-08,99.00,EUR,paid
I000274,S00016,2025-08-08,99.00,EUR,paid
I000275,S00016,2025-09-08,99.00,EUR,paid
I000276,S00016,2025-10-08,99.00,EUR,paid
I000277,S00016,2025-11-08,99.00,EUR,paid
I000278,S00016,2025-12-08,99.00,EUR,paid
I000279,S00016,2026-01-08,99.00,EUR,paid
I000280,S00016,2026-02-08,99.00,EUR,paid
I000281,S00016,2026-03-08,99.00,EUR,paid
I000282,S00016,2026-04-08,99.00,EUR,paid
I000283,S00016,2026-05-08,99.00,EUR,paid
I000284,S00016,2026-06-08,99.00,EUR,paid
I000285,S00016,2026-07-08,99.00,EUR,paid
I000286,S00017,2024-09-19,99.00,EUR,paid
I000287,S00017,2024-10-19,99.00,EUR,paid
I000288,S00017,2024-11-19,99.00,EUR,paid
I000289,S00017,2024-12-19,99.00,EUR,paid
I000290,S00017,2025-01-19,99.00,EUR,paid
I000291,S00017,2025-02-19,99.00,EUR,paid
I000292,S00017,2025-03-19,99.00,EUR,paid
I000293,S00017,2025-04-19,99.00,EUR,failed
I000294,S00017,2025-05-19,99.00,EUR,failed
I000295,S00017,2025-06-19,99.00,EUR,paid
I000296,S00017,2025-07-19,99.00,EUR,paid
I000297,S00017,2025-08-19,99.00,EUR,paid
I000298,S00017,2025-09-19,99.00,EUR,paid
I000299,S00017,2025-10-19,99.00,EUR,failed
I000300,S00017,2025-11-19,99.00,EUR,paid
I000301,S00017,2025-12-19,99.00,EUR,paid
I000302,S00017,2026-01-19,99.00,EUR,paid
I000303,S00017,2026-02-19,99.00,EUR,paid
I000304,S00017,2026-03-19,99.00,EUR,paid
I000305,S00017,2026-04-19,99.00,EUR,open
I000306,S00017,2026-05-19,99.00,EUR,paid
I000307,S00017,2026-06-19,99.00,EUR,paid
I000308,S00017,2026-07-19,99.00,EUR,paid
I000309,S00018,2025-06-02,29.00,EUR,open
I000310,S00018,2025-07-02,29.00,EUR,paid
I000311,S00018,2025-08-02,29.00,EUR,paid
I000312,S00018,2025-09-02,29.00,EUR,paid
I000313,S00018,2025-10-02,29.00,EUR,open
I000314,S00018,2025-11-02,29.00,EUR,paid
I000315,S00018,2025-12-02,29.00,EUR,paid
I000316,S00018,2026-01-02,29.00,EUR,failed
I000317,S00018,2026-02-02,29.00,EUR,paid
I000318,S00018,2026-03-02,29.00,EUR,paid
I000319,S00018,2026-04-02,29.00,EUR,paid
I000320,S00019,2025-12-06,99.00,EUR,paid
I000321,S00019,2026-01-06,99.00,EUR,paid
I000322,S00019,2026-02-06,,EUR,paid
I000323,S00019,2026-03-06,99.00,EUR,paid
I000324,S00019,2026-04-06,99.00,EUR,failed
I000325,S00019,2026-05-06,99.00,EUR,paid
I000326,S00019,2026-06-06,99.00,EUR,paid
I000327,S00019,2026-07-06,99.00,EUR,failed
I000328,S00020,2026-07-14,99.00,EUR,paid
I000329,S00021,2025-02-18,299.00,EUR,paid
I000330,S00021,2025-03-18,299.00,EUR,paid
I000331,S00021,2025-04-18,299.00,EUR,paid
I000332,S00021,2025-05-18,299.00,EUR,paid
I000333,S00021,2025-06-18,299.00,EUR,paid
I000334,S00022,2025-10-07,29.00,EUR,paid
I000335,S00022,2025-11-07,29.00,EUR,paid
I000336,S00022,2025-12-07,29.00,EUR,paid
I000337,S00022,2026-01-07,29.00,EUR,paid
I000338,S00022,2026-02-07,29.00,EUR,paid
I000339,S00022,2026-03-07,29.00,EUR,paid
I000340,S00022,2026-04-07,29.00,EUR,paid
I000341,S00022,2026-05-07,29.00,EUR,paid
I000342,S00022,2026-06-07,29.00,EUR,paid
I000343,S00022,2026-07-07,29.00,EUR,paid
I000344,S00023,2024-08-06,299.00,EUR,paid
I000345,S00023,2024-09-06,299.00,EUR,paid
I000346,S00023,2024-10-06,299.00,EUR,paid
I000347,S00023,2024-11-06,299.00,EUR,paid
I000348,S00023,2024-12-06,299.00,EUR,paid
I000349,S00023,2025-01-06,299.00,EUR,paid
I000350,S00023,2025-02-06,299.00,EUR,paid
I000351,S00023,2025-03-06,299.00,EUR,paid
I000352,S00023,2025-04-06,299.00,EUR,paid
I000353,S00023,2025-05-06,299.00,EUR,open
I000354,S00023,2025-06-06,299.00,EUR,paid
I000355,S00023,2025-07-06,299.00,EUR,paid
I000356,S00023,2025-08-06,299.00,EUR,paid
I000357,S00023,2025-09-06,299.00,EUR,paid
I000358,S00024,2025-05-27,29.00,EUR,paid
I000359,S00024,2025-06-27,29.00,EUR,paid
I000360,S00024,2025-07-27,29.00,EUR,paid
I000361,S00024,2025-08-27,29.00,EUR,paid
I000362,S00024,2025-09-27,29.00,EUR,paid
I000363,S00024,2025-10-27,29.00,EUR,paid
I000364,S00024,2025-11-27,29.00,EUR,paid
I000365,S00024,2025-12-27,29.00,EUR,failed
I000366,S00024,2026-01-27,29.00,EUR,paid
I000367,S00024,2026-02-27,29.00,EUR,paid
I000368,S00024,2026-03-27,29.00,EUR,paid
I000369,S00024,2026-04-27,29.00,EUR,failed
I000370,S00024,2026-05-27,29.00,EUR,paid
I000371,S00024,2026-06-27,29.00,EUR,paid
I000372,S00024,2026-07-27,29.00,EUR,paid
I000373,S00025,2026-01-08,299.00,EUR,paid
I000374,S00025,2026-02-08,299.00,EUR,failed
I000375,S00025,2026-03-08,299.00,EUR,paid
I000376,S00026,2024-08-23,99.00,EUR,paid
I000377,S00026,2024-09-23,99.00,EUR,paid
I000378,S00026,2024-10-23,99.00,EUR,paid
I000379,S00026,2024-11-23,99.00,EUR,paid
I000380,S00026,2024-12-23,99.00,EUR,paid
I000381,S00026,2025-01-23,99.00,EUR,paid
I000382,S00026,2025-02-23,99.00,EUR,paid
I000383,S00026,2025-03-23,99.00,EUR,paid
I000384,S00026,2025-04-23,99.00,EUR,paid
I000385,S00026,2025-05-23,99.00,EUR,paid
I000386,S00026,2025-06-23,99.00,EUR,paid
I000387,S00026,2025-07-23,99.00,EUR,paid
I000388,S00026,2025-08-23,99.00,EUR,paid
I000389,S00026,2025-09-23,99.00,EUR,paid
I000390,S00026,2025-10-23,99.00,EUR,paid
I000391,S00026,2025-11-23,99.00,EUR,paid
I000392,S00026,2025-12-23,99.00,EUR,paid
I000393,S00026,2026-01-23,99.00,EUR,paid
I000394,S00026,2026-02-23,99.00,EUR,paid
I000395,S00026,2026-03-23,99.00,EUR,paid
I000396,S00026,2026-04-23,99.00,EUR,paid
I000397,S00026,2026-05-23,99.00,EUR,paid
I000398,S00026,2026-06-23,99.00,EUR,paid
I000399,S00026,2026-07-23,99.00,EUR,paid
I000400,S00027,2024-02-22,99.00,EUR,failed
I000401,S00027,2024-03-22,99.00,EUR,paid
I000402,S00027,2024-04-22,99.00,EUR,failed
I000403,S00027,2024-05-22,99.00,EUR,paid
I000404,S00027,2024-06-22,99.00,EUR,paid
I000405,S00027,2024-07-22,99.00,EUR,paid
I000406,S00027,2024-08-22,99.00,EUR,paid
I000407,S00027,2024-09-22,99.00,EUR,paid
I000408,S00027,2024-10-22,99.00,EUR,paid
I000409,S00027,2024-11-22,99.00,EUR,open
I000410,S00027,2024-12-22,99.00,EUR,paid
I000411,S00027,2025-01-22,99.00,EUR,paid
I000412,S00027,2025-02-22,99.00,EUR,paid
I000413,S00027,2025-03-22,99.00,EUR,open
I000414,S00027,2025-04-22,99.00,EUR,paid
I000415,S00027,2025-05-22,99.00,EUR,open
I000416,S00027,2025-06-22,99.00,EUR,paid
I000417,S00027,2025-07-22,99.00,EUR,failed
I000418,S00027,2025-08-22,99.00,EUR,paid
I000419,S00027,2025-09-22,99.00,EUR,paid
I000420,S00027,2025-10-22,99.00,EUR,open
I000421,S00027,2025-11-22,99.00,EUR,paid
I000422,S00027,2025-12-22,99.00,EUR,paid
I000423,S00027,2026-01-22,99.00,EUR,paid
I000424,S00027,2026-02-22,99.00,EUR,paid
I000425,S00027,2026-03-22,99.00,EUR,paid
I000426,S00027,2026-04-22,99.00,EUR,paid
I000427,S00027,2026-05-22,99.00,EUR,paid
I000428,S00027,2026-06-22,99.00,EUR,paid
I000429,S00027,2026-07-22,99.00,EUR,paid
I000430,S00028,2024-03-24,99.00,EUR,paid
I000431,S00028,2024-04-24,99.00,EUR,paid
I000432,S00028,2024-05-24,99.00,EUR,paid
I000433,S00028,2024-06-24,99.00,EUR,paid
I000434,S00028,2024-07-24,99.00,EUR,paid
I000435,S00028,2024-08-24,99.00,EUR,paid
I000436,S00028,2024-09-24,99.00,EUR,paid
I000437,S00028,2024-10-24,99.00,EUR,open
I000438,S00028,2024-11-24,99.00,EUR,paid
I000439,S00029,2024-10-04,29.00,EUR,failed
I000440,S00029,2024-11-04,29.00,EUR,paid
I000441,S00029,2024-12-04,29.00,EUR,failed
I000442,S00029,2025-01-04,29.00,EUR,failed
I000443,S00029,2025-02-04,29.00,EUR,paid
I000444,S00029,2025-03-04,29.00,EUR,paid
I000445,S00029,2025-04-04,29.00,EUR,paid
I000446,S00029,2025-05-04,29.00,EUR,paid
I000447,S00029,2025-06-04,29.00,EUR,paid
I000448,S00029,2025-07-04,29.00,EUR,failed
I000449,S00029,2025-08-04,29.00,EUR,paid
I000450,S00029,2025-09-04,29.00,EUR,paid
I000451,S00029,2025-10-04,29.00,EUR,PAID 
I000452,S00029,2025-11-04,29.00,EUR,paid
I000453,S00029,2025-12-04,29.00,EUR,paid
I000454,S00029,2026-01-04,29.00,EUR,paid
I000455,S00029,2026-02-04,29.00,EUR,paid
I000456,S00029,2026-03-04,29.00,EUR,paid
I000457,S00029,2026-04-04,29.00,EUR,paid
I000458,S00029,2026-05-04,29.00,EUR,paid
I000459,S00029,2026-06-04,29.00,EUR,paid
I000460,S00029,2026-07-04,29.00,EUR,failed
I000461,S00030,2025-08-05,29.00,EUR,paid
I000462,S00030,2025-09-05,29.00,EUR,paid
I000463,S00030,2025-10-05,29.00,EUR,paid
I000464,S00030,2025-11-05,29.00,EUR,paid
I000465,S00030,2025-12-05,29.00,EUR,paid
I000466,S00030,2026-01-05,29.00,EUR,paid
I000467,S00030,2026-02-05,29.00,EUR,paid
I000468,S00030,2026-03-05,29.00,EUR,paid
I000469,S00030,2026-04-05,29.00,EUR,paid
I000470,S00030,2026-05-05,29.00,EUR,paid
I000471,S00030,2026-06-05,29.00,EUR,paid
I000472,S00030,2026-07-05,29.00,EUR,paid
I000473,S00031,2024-06-07,29.00,EUR,paid
I000474,S00031,2024-07-07,29.00,EUR,paid
I000475,S00031,2024-08-07,29.00,EUR,paid
I000476,S00031,2024-09-07,29.00,EUR,failed
I000477,S00031,2024-10-07,29.00,EUR,paid
I000478,S00031,2024-11-07,29.00,EUR,open
I000479,S00031,2024-12-07,29.00,EUR,paid
I000480,S00031,2025-01-07,29.00,EUR,paid
I000481,S00031,2025-02-07,29.00,EUR,open
I000482,S00031,2025-03-07,29.00,EUR,paid
I000483,S00031,2025-04-07,29.00,EUR,open
I000484,S00031,2025-05-07,29.00,EUR,paid
I000485,S00032,2024-10-22,29.00,EUR,paid
I000486,S00032,2024-11-22,29.00,EUR,paid
I000487,S00032,2024-12-22,29.00,EUR,paid
I000488,S00032,2025-01-22,29.00,EUR,paid
I000489,S00032,2025-02-22,29.00,EUR,paid
I000490,S00032,2025-03-22,29.00,EUR,paid
I000491,S00032,2025-04-22,29.00,EUR,paid
I000492,S00032,2025-05-22,29.00,EUR,open
I000493,S00032,2025-06-22,29.00,EUR,open
I000494,S00032,2025-07-22,29.00,EUR,paid
I000495,S00032,2025-08-22,29.00,EUR,open
I000496,S00032,2025-09-22,29.00,EUR,paid
I000497,S00032,2025-10-22,29.00,EUR,paid
I000498,S00032,2025-11-22,29.00,EUR,paid
I000499,S00032,2025-12-22,29.00,EUR,paid
I000500,S00032,2026-01-22,29.00,EUR,paid
I000501,S00032,2026-02-22,29.00,EUR,paid
I000502,S00032,2026-03-22,29.00,EUR,paid
I000503,S00032,2026-04-22,29.00,EUR,paid
I000504,S00032,2026-05-22,29.00,EUR,paid
I000505,S00032,2026-06-22,29.00,EUR,paid
I000506,S00032,2026-07-22,29.00,EUR,paid
I000507,S00033,2024-10-25,29.00,EUR,paid
I000508,S00033,2024-11-25,29.00,EUR,paid
I000509,S00033,2024-12-25,29.00,EUR,paid
I000510,S00033,2025-01-25,29.00,EUR,paid
I000511,S00033,2025-02-25,29.00,EUR,failed
I000512,S00033,2025-03-25,29.00,EUR,paid
I000513,S00033,2025-04-25,29.00,EUR,paid
I000514,S00033,2025-05-25,29.00,EUR,paid
I000515,S00034,2025-03-29,299.00,EUR,paid
I000516,S00034,2025-04-29,299.00,EUR,paid
I000517,S00034,2025-05-29,299.00,EUR,failed
I000518,S00034,2025-06-29,299.00,EUR,paid
I000519,S00034,2025-07-29,299.00,EUR,paid
I000520,S00034,2025-08-29,299.00,EUR,paid
I000521,S00034,2025-09-29,299.00,EUR,paid
I000522,S00034,2025-10-29,299.00,EUR,open
I000523,S00034,2025-11-29,299.00,EUR,paid
I000524,S00034,2025-12-29,299.00,EUR,paid
I000525,S00034,2026-01-29,299.00,EUR,paid
I000526,S00034,2026-02-28,299.00,EUR,failed
I000527,S00034,2026-03-28,299.00,EUR,paid
I000528,S00034,2026-04-28,299.00,EUR,open
I000529,S00034,2026-05-28,299.00,EUR,paid
I000530,S00034,2026-06-28,299.00,EUR,paid
I000531,S00034,2026-07-28,299.00,EUR,paid
I000532,S00035,2025-06-11,99.00,EUR,paid
I000533,S00035,2025-07-11,99.00,EUR,paid
I000534,S00035,2025-08-11,99.00,EUR,paid
I000535,S00035,2025-09-11,99.00,EUR,paid
I000536,S00035,2025-10-11,99.00,EUR,failed
I000537,S00035,2025-11-11,99.00,EUR,open
I000538,S00035,2025-12-11,99.00,EUR,paid
I000539,S00035,2026-01-11,99.00,EUR,paid
I000540,S00035,2026-02-11,99.00,EUR,paid
I000541,S00035,2026-03-11,99.00,EUR,paid
I000542,S00035,2026-04-11,99.00,EUR,paid
I000543,S00035,2026-05-11,99.00,EUR,paid
I000544,S00035,2026-06-11,99.00,EUR,paid
I000545,S00035,2026-07-11,99.00,EUR,paid
I000546,S00036,2024-05-17,99.00,EUR,paid
I000547,S00036,2024-06-17,99.00,EUR,failed
I000548,S00036,2024-07-17,99.00,EUR,paid
I000549,S00036,2024-08-17,99.00,EUR,paid
I000550,S00036,2024-09-17,99.00,EUR,paid
I000551,S00036,2024-10-17,99.00,EUR,paid
I000552,S00036,2024-11-17,99.00,EUR,paid
I000553,S00036,2024-12-17,99.00,EUR,paid
I000554,S00036,2025-01-17,99.00,EUR,paid
I000555,S00036,2025-02-17,99.00,EUR,paid
I000556,S00036,2025-03-17,99.00,EUR,paid
I000557,S00036,2025-04-17,99.00,EUR,paid
I000558,S00036,2025-05-17,99.00,EUR,paid
I000559,S00036,2025-06-17,99.00,EUR,paid
I000560,S00036,2025-07-17,99.00,EUR,paid
I000561,S00036,2025-08-17,99.00,EUR,paid
I000562,S00036,2025-09-17,99.00,EUR,paid
I000563,S00036,2025-10-17,99.00,EUR,paid
I000564,S00036,2025-11-17,99.00,EUR,paid
I000565,S00036,2025-12-17,99.00,EUR,paid
I000566,S00036,2026-01-17,99.00,EUR,failed
I000567,S00036,2026-02-17,99.00,EUR,paid
I000568,S00036,2026-03-17,99.00,EUR,paid
I000569,S00036,2026-04-17,99.00,EUR,paid
I000570,S00036,2026-05-17,99.00,EUR,paid
I000571,S00036,2026-06-17,99.00,EUR,paid
I000572,S00036,2026-07-17,99.00,EUR,paid
I000573,S00037,2024-04-28,299.00,EUR,paid
I000574,S00037,2024-05-28,299.00,EUR,paid
I000575,S00037,2024-06-28,299.00,EUR,paid
I000576,S00038,2025-06-01,299.00,EUR,paid
I000577,S00038,2025-07-01,299.00,EUR,paid
I000578,S00038,2025-08-01,299.00,EUR,paid
I000579,S00038,2025-09-01,299.00,EUR,paid
I000580,S00038,2025-10-01,299.00,EUR,open
I000581,S00038,2025-11-01,299.00,EUR,failed
I000582,S00038,2025-12-01,299.00,EUR,paid
I000583,S00038,2026-01-01,299.00,EUR,paid
I000584,S00038,2026-02-01,299.00,EUR,paid
I000585,S00038,2026-03-01,299.00,EUR,paid
I000586,S00038,2026-04-01,299.00,EUR,paid
I000587,S00039,2026-04-09,29.00,EUR,paid
I000588,S00039,2026-05-09,29.00,EUR,paid
I000589,S00039,2026-06-09,29.00,EUR,paid
I000590,S00039,2026-07-09,29.00,EUR,paid
I000591,S00040,2024-02-22,299.00,EUR,paid
I000592,S00040,2024-03-22,299.00,EUR,paid
I000593,S00040,2024-04-22,299.00,EUR,paid
I000594,S00040,2024-05-22,299.00,EUR,open
I000595,S00040,2024-06-22,299.00,EUR,paid
I000596,S00040,2024-07-22,299.00,EUR,paid
I000597,S00040,2024-08-22,299.00,EUR,paid
I000598,S00040,2024-09-22,299.00,EUR,paid
I000599,S00040,2024-10-22,299.00,EUR,paid
I000600,S00040,2024-11-22,299.00,EUR,paid
I000601,S99999,2024-12-22,299.00,EUR,paid
I000602,S00040,2025-01-22,299.00,EUR,paid
I000603,S00040,2025-02-22,299.00,EUR,paid
I000604,S00040,2025-03-22,299.00,EUR,paid
I000605,S00040,2025-04-22,299.00,EUR,failed
I000606,S00040,2025-05-22,299.00,EUR,paid
I000607,S00040,2025-06-22,299.00,EUR,failed
I000608,S00040,2025-07-22,299.00,EUR,paid
I000609,S00040,2025-08-22,299.00,EUR,paid
I000610,S00040,2025-09-22,299.00,EUR,paid
I000611,S00040,2025-10-22,299.00,EUR,paid
I000612,S00040,2025-11-22,299.00,EUR,open
I000613,S00040,2025-12-22,299.00,EUR,paid
I000614,S00040,2026-01-22,299.00,EUR,paid
I000615,S00040,2026-02-22,299.00,EUR,paid
I000616,S00040,2026-03-22,299.00,EUR,paid
I000617,S00040,2026-04-22,299.00,EUR,paid
I000618,S00040,2026-05-22,299.00,EUR,open
I000619,S00040,2026-06-22,299.00,EUR,paid
I000620,S00040,2026-07-22,299.00,EUR,paid
I000621,S00041,2025-01-10,29.00,EUR,paid
I000622,S00041,2025-02-10,29.00,EUR,paid
I000623,S00041,2025-03-10,29.00,EUR,paid
I000624,S00041,2025-04-10,29.00,EUR,paid
I000625,S00041,2025-05-10,29.00,EUR,paid
I000626,S00041,2025-06-10,29.00,EUR,paid
I000627,S00041,2025-07-10,29.00,EUR,paid
I000628,S00041,2025-08-10,29.00,EUR,paid
I000629,S00041,2025-09-10,29.00,EUR,paid
I000630,S00041,2025-10-10,29.00,EUR,failed
I000631,S00041,2025-11-10,29.00,EUR,paid
I000632,S00041,2025-12-10,29.00,EUR,paid
I000633,S00041,2026-01-10,29.00,EUR,failed
I000634,S00041,2026-02-10,29.00,EUR,paid
I000635,S00041,2026-03-10,29.00,EUR,paid
I000636,S00041,2026-04-10,29.00,EUR,paid
I000637,S00041,2026-05-10,29.00,EUR,failed
I000638,S00041,2026-06-10,29.00,EUR,paid
I000639,S00041,2026-07-10,29.00,EUR,paid
I000640,S00042,2025-11-03,99.00,EUR,paid
I000641,S00042,2025-12-03,99.00,EUR,paid
I000642,S00042,2026-01-03,99.00,EUR,paid
I000643,S00042,2026-02-03,99.00,EUR,paid
I000644,S00042,2026-03-03,99.00,EUR,paid
I000645,S00042,2026-04-03,99.00,EUR,paid
I000646,S00042,2026-05-03,99.00,EUR,paid
I000647,S00042,2026-06-03,99.00,EUR,paid
I000648,S00042,2026-07-03,99.00,EUR,paid
I000649,S00043,2024-06-27,299.00,EUR,paid
I000650,S00043,2024-07-27,299.00,EUR,paid
I000651,S00043,2024-08-27,299.00,EUR,paid
I000652,S00043,2024-09-27,299.00,EUR,failed
I000653,S00043,2024-10-27,299.00,EUR,paid
I000654,S00043,2024-11-27,299.00,EUR,paid
I000655,S00043,2024-12-27,299.00,EUR,paid
I000656,S00043,2025-01-27,299.00,EUR,paid
I000657,S00043,2025-02-27,299.00,EUR,paid
I000658,S00043,2025-03-27,299.00,EUR,paid
I000659,S00043,2025-04-27,299.00,EUR,paid
I000660,S00044,2025-05-10,99.00,EUR,paid
I000661,S00044,2025-06-10,99.00,EUR,paid
I000662,S00044,2025-07-10,99.00,EUR,paid
I000663,S00044,2025-08-10,99.00,EUR,failed
I000664,S00044,2025-09-10,99.00,EUR,paid
I000665,S00044,2025-10-10,99.00,EUR,paid
I000666,S00044,2025-11-10,99.00,EUR,paid
I000667,S00044,2025-12-10,99.00,EUR,paid
I000668,S00044,2026-01-10,99.00,EUR,paid
I000669,S00044,2026-02-10,99.00,EUR,paid
I000670,S00044,2026-03-10,99.00,EUR,failed
I000671,S00044,2026-04-10,99.00,EUR,paid
I000672,S00044,2026-05-10,99.00,EUR,paid
I000673,S00044,2026-06-10,99.00,EUR,paid
I000674,S00044,2026-07-10,99.00,EUR,paid
I000675,S00045,2025-07-20,99.00,EUR,paid
I000676,S00045,2025-08-20,99.00,EUR,paid
I000677,S00045,2025-09-20,99.00,EUR,paid
I000678,S00045,2025-10-20,99.00,EUR,paid
I000679,S00045,2025-11-20,99.00,EUR,paid
I000680,S00045,2025-12-20,99.00,EUR,paid
I000681,S00045,2026-01-20,99.00,EUR,paid
I000682,S00045,2026-02-20,99.00,EUR,paid
I000683,S00045,2026-03-20,99.00,EUR,failed
I000684,S00045,2026-04-20,99.00,EUR,paid
I000685,S00045,2026-05-20,99.00,EUR,paid
I000686,S00045,2026-06-20,99.00,EUR,paid
I000687,S00045,2026-07-20,99.00,EUR,paid
I000688,S00046,2024-11-16,99.00,EUR,paid
I000689,S00046,2024-12-16,99.00,EUR,paid
I000690,S00046,2025-01-16,99.00,EUR,paid
I000691,S00046,2025-02-16,99.00,EUR,open
I000692,S00046,2025-03-16,99.00,EUR,open
I000693,S00046,2025-04-16,99.00,EUR,paid
I000694,S00046,2025-05-16,99.00,EUR,paid
I000695,S00046,2025-06-16,99.00,EUR,paid
I000696,S00046,2025-07-16,99.00,EUR,paid
I000697,S00046,2025-08-16,99.00,EUR,paid
I000698,S00046,2025-09-16,99.00,EUR,paid
I000699,S00047,2024-06-06,99.00,EUR,paid
I000700,S00047,2024-07-06,99.00,EUR,paid
I000701,S00047,2024-08-06,99.00,EUR,paid
I000702,S00047,2024-09-06,99.00,EUR,open
I000703,S00047,2024-10-06,99.00,EUR,paid
I000704,S00047,2024-11-06,99.00,EUR,paid
I000705,S00047,2024-12-06,99.00,EUR,paid
I000706,S00047,2025-01-06,99.00,EUR,paid
I000707,S00047,2025-02-06,99.00,EUR,paid
I000708,S00047,2025-03-06,99.00,EUR,paid
I000709,S00047,2025-04-06,99.00,EUR,paid
I000710,S00047,2025-05-06,99.00,EUR,paid
I000711,S00047,2025-06-06,99.00,EUR,paid
I000712,S00047,2025-07-06,99.00,EUR,paid
I000713,S00047,2025-08-06,99.00,EUR,paid
I000714,S00047,2025-09-06,99.00,EUR,failed
I000715,S00047,2025-10-06,99.00,EUR,paid
I000716,S00047,2025-11-06,99.00,EUR,paid
I000717,S00047,2025-12-06,99.00,EUR,paid
I000718,S00047,2026-01-06,99.00,EUR,paid
I000719,S00047,2026-02-06,99.00,EUR,paid
I000720,S00047,2026-03-06,99.00,EUR,paid
I000721,S00047,2026-04-06,99.00,EUR,failed
I000722,S00047,2026-05-06,99.00,EUR,paid
I000723,S00047,2026-06-06,99.00,EUR,paid
I000724,S00047,2026-07-06,99.00,EUR,paid
I000725,S00048,2024-01-23,-99.00,EUR,paid
I000726,S00048,2024-02-23,-99.00,EUR,paid
I000727,S00048,2024-03-23,-99.00,EUR,failed
I000728,S00048,2024-04-23,-99.00,EUR,paid
I000729,S00048,2024-05-23,-99.00,EUR,failed
I000730,S00048,2024-06-23,-99.00,EUR,paid
I000731,S00048,2024-07-23,-99.00,EUR,paid
I000732,S00049,2024-03-16,299.00,EUR,paid
I000733,S00049,2024-04-16,299.00,EUR,paid
I000734,S00049,2024-05-16,299.00,EUR,paid
I000735,S00049,2024-06-16,299.00,EUR,paid
I000736,S00049,2024-07-16,299.00,EUR,paid
I000737,S00049,2024-08-16,299.00,EUR,paid
I000738,S00049,2024-09-16,299.00,EUR,paid
I000739,S00049,2024-10-16,299.00,EUR,paid
I000740,S00049,2024-11-16,299.00,EUR,failed
I000741,S00049,2024-12-16,299.00,EUR,paid
I000742,S00049,2025-01-16,299.00,EUR,paid
I000743,S00049,2025-02-16,299.00,EUR,paid
I000744,S00049,2025-03-16,299.00,EUR,paid
I000745,S00049,2025-04-16,299.00,EUR,paid
I000746,S00049,2025-05-16,299.00,EUR,paid
I000747,S00049,2025-06-16,299.00,EUR,paid
I000748,S00049,2025-07-16,299.00,EUR,paid
I000749,S00049,2025-08-16,299.00,EUR,paid
I000750,S00049,2025-09-16,299.00,EUR,paid
I000751,S00049,2025-10-16,299.00,EUR,paid
I000752,S00049,2025-11-16,299.00,EUR,paid
I000753,S00049,2025-12-16,299.00,EUR,paid
I000754,S00049,2026-01-16,299.00,EUR,paid
I000755,S00049,2026-02-16,299.00,EUR,paid
I000756,S00049,2026-03-16,299.00,EUR,open
I000757,S00049,2026-04-16,299.00,EUR,paid
I000758,S00049,2026-05-16,299.00,EUR,failed
I000759,S00049,2026-06-16,299.00,EUR,open
I000760,S00049,2026-07-16,299.00,EUR,paid
I000761,S00050,2024-08-15,299.00,EUR,paid
I000762,S00050,2024-09-15,299.00,EUR,failed
I000763,S00050,2024-10-15,299.00,EUR,paid
I000764,S00050,2024-11-15,299.00,EUR,paid
I000765,S00050,2024-12-15,299.00,EUR,open
I000766,S00050,2025-01-15,299.00,EUR,paid
I000767,S00050,2025-02-15,299.00,EUR,paid
I000768,S00050,2025-03-15,299.00,EUR,paid
I000769,S00050,2025-04-15,299.00,EUR,paid
I000770,S00050,2025-05-15,299.00,EUR,failed
I000771,S00050,2025-06-15,299.00,EUR,open
I000772,S00050,2025-07-15,299.00,EUR,paid
I000773,S00050,2025-08-15,299.00,EUR,open
I000774,S00050,2025-09-15,299.00,EUR,paid
I000775,S00050,2025-10-15,299.00,EUR,open
I000776,S00050,2025-11-15,299.00,EUR,failed
I000777,S00050,2025-12-15,299.00,EUR,paid
I000778,S00050,2026-01-15,299.00,EUR,paid
I000779,S00050,2026-02-15,299.00,EUR,failed
I000780,S00050,2026-03-15,299.00,EUR,failed
I000781,S00050,2026-04-15,299.00,EUR,open
I000782,S00050,2026-05-15,299.00,EUR,open
I000783,S00050,2026-06-15,299.00,EUR,paid
I000784,S00050,2026-07-15,299.00,EUR,paid
I000785,S00051,2024-10-07,99.00,EUR,paid
I000786,S00051,2024-11-07,99.00,EUR,failed
I000787,S00051,2024-12-07,99.00,EUR,paid
I000788,S00051,2025-01-07,99.00,EUR,failed
I000789,S00051,2025-02-07,99.00,EUR,paid
I000790,S00051,2025-03-07,99.00,EUR,paid
I000791,S00051,2025-04-07,99.00,EUR,failed
I000792,S00051,2025-05-07,99.00,EUR,open
I000793,S00051,2025-06-07,99.00,EUR,paid
I000794,S00051,2025-07-07,99.00,EUR,paid
I000795,S00051,2025-08-07,99.00,EUR,paid
I000796,S00051,2025-09-07,99.00,EUR,paid
I000797,S00051,2025-10-07,99.00,EUR,paid
I000798,S00052,2025-06-20,299.00,EUR,paid
I000799,S00052,2025-07-20,299.00,EUR,paid
I000800,S00052,2025-08-20,299.00,EUR,paid
I000801,S00052,2025-09-20,299.00,EUR,paid
I000802,S00052,2025-10-20,299.00,EUR,paid
I000803,S00052,2025-11-20,299.00,EUR,paid
I000804,S00052,2025-12-20,299.00,EUR,paid
I000805,S00052,2026-01-20,299.00,EUR,open
I000806,S00052,2026-02-20,299.00,EUR,open
I000807,S00052,2026-03-20,299.00,EUR,paid
I000808,S00052,2026-04-20,299.00,EUR,paid
I000809,S00052,2026-05-20,299.00,EUR,paid
I000810,S00052,2026-06-20,299.00,EUR,paid
I000811,S00052,2026-07-20,299.00,EUR,paid
I000812,S00053,2024-04-04,99.00,EUR,paid
I000813,S00053,2024-05-04,99.00,EUR,paid
I000814,S00053,2024-06-04,99.00,EUR,paid
I000815,S00053,2024-07-04,99.00,EUR,paid
I000816,S00053,2024-08-04,99.00,EUR,paid
I000817,S00053,2024-09-04,99.00,EUR,paid
I000818,S00053,2024-10-04,99.00,EUR,failed
I000819,S00053,2024-11-04,99.00,EUR,paid
I000820,S00053,2024-12-04,99.00,EUR,paid
I000821,S00053,2025-01-04,99.00,EUR,paid
I000822,S00053,2025-02-04,99.00,EUR,paid
I000823,S00053,2025-03-04,99.00,EUR,paid
I000824,S00053,2025-04-04,99.00,EUR,paid
I000825,S00053,2025-05-04,99.00,EUR,paid
I000826,S00053,2025-06-04,99.00,EUR,paid
I000827,S00053,2025-07-04,99.00,EUR,paid
I000828,S00053,2025-08-04,99.00,EUR,paid
I000829,S00053,2025-09-04,99.00,EUR,open
I000830,S00053,2025-10-04,99.00,EUR,paid
I000831,S00053,2025-11-04,99.00,EUR,paid
I000832,S00053,2025-12-04,99.00,EUR,paid
I000833,S00053,2026-01-04,99.00,EUR,open
I000834,S00053,2026-02-04,99.00,EUR,paid
I000835,S00053,2026-03-04,99.00,EUR,paid
I000836,S00053,2026-04-04,99.00,EUR,paid
I000837,S00053,2026-05-04,99.00,EUR,paid
I000838,S00053,2026-06-04,99.00,EUR,paid
I000839,S00053,2026-07-04,99.00,EUR,paid
I000840,S00054,2024-06-24,299.00,EUR,paid
I000841,S00054,2024-07-24,299.00,EUR,paid
I000842,S00054,2024-08-24,299.00,EUR,paid
I000843,S00054,2024-09-24,299.00,EUR,paid
I000844,S00054,2024-10-24,299.00,EUR,paid
I000845,S00054,2024-11-24,299.00,EUR,paid
I000846,S00054,2024-12-24,299.00,EUR,paid
I000847,S00054,2025-01-24,299.00,EUR,paid
I000848,S00054,2025-02-24,299.00,EUR,paid
I000849,S00054,2025-03-24,299.00,EUR,open
I000850,S00054,2025-04-24,299.00,EUR,paid
I000851,S00054,2025-05-24,299.00,EUR,paid
I000852,S00054,2025-06-24,299.00,EUR,paid
I000853,S00054,2025-07-24,299.00,EUR,paid
I000854,S00054,2025-08-24,299.00,EUR,paid
I000855,S00054,2025-09-24,299.00,EUR,paid
I000856,S00054,2025-10-24,299.00,EUR,paid
I000857,S00054,2025-11-24,299.00,EUR,paid
I000858,S00054,2025-12-24,299.00,EUR,paid
I000859,S00054,2026-01-24,299.00,EUR,paid
I000860,S00054,2026-02-24,299.00,EUR,paid
I000861,S00054,2026-03-24,299.00,EUR,paid
I000862,S00054,2026-04-24,299.00,EUR,paid
I000863,S00054,2026-05-24,299.00,EUR,paid
I000864,S00054,2026-06-24,299.00,EUR,paid
I000865,S00054,2026-07-24,299.00,EUR,paid
I000866,S00055,2024-07-23,299.00,EUR,paid
I000867,S00055,2024-08-23,299.00,EUR,paid
I000868,S00055,2024-09-23,299.00,EUR,paid
I000869,S00055,2024-10-23,299.00,EUR,paid
I000870,S00055,2024-11-23,299.00,EUR,paid
I000871,S00055,2024-12-23,299.00,EUR,paid
I000872,S00055,2025-01-23,299.00,EUR,paid
I000873,S00055,2025-02-23,299.00,EUR,paid
I000874,S00055,2025-03-23,299.00,EUR,paid
I000875,S00055,2025-04-23,299.00,EUR,paid
I000876,S00055,2025-05-23,299.00,EUR,paid
I000877,S00055,2025-06-23,299.00,EUR,paid
I000878,S00055,2025-07-23,299.00,EUR,paid
I000879,S00055,2025-08-23,299.00,EUR,paid
I000880,S00055,2025-09-23,299.00,EUR,paid
I000881,S00055,2025-10-23,299.00,EUR,paid
I000882,S00055,2025-11-23,299.00,EUR,failed
I000883,S00055,2025-12-23,299.00,EUR,failed
I000884,S00055,2026-01-23,299.00,EUR,paid
I000885,S00055,2026-02-23,299.00,EUR,failed
I000886,S00055,2026-03-23,299.00,EUR,paid
I000887,S00055,2026-04-23,299.00,EUR,paid
I000888,S00055,2026-05-23,299.00,EUR,paid
I000889,S00055,2026-06-23,299.00,EUR,paid
I000890,S00055,2026-07-23,299.00,EUR,failed
I000891,S00056,2025-03-25,99.00,EUR,paid
I000892,S00056,2025-04-25,99.00,EUR,paid
I000893,S00056,2025-05-25,99.00,EUR,failed
I000894,S00056,2025-06-25,99.00,EUR,paid
I000895,S00056,2025-07-25,99.00,EUR,open
I000896,S00056,2025-08-25,99.00,EUR,open
I000897,S00056,2025-09-25,99.00,EUR,paid
I000898,S00056,2025-10-25,99.00,EUR,paid
I000899,S00056,2025-11-25,99.00,EUR,paid
I000900,S00056,2025-12-25,99.00,EUR,paid
I000901,S00056,2026-01-25,99.00,EUR,paid
I000902,S00056,2026-02-25,99.00,EUR,paid
I000903,S00056,2026-03-25,99.00,EUR,paid
I000904,S00056,2026-04-25,99.00,EUR,paid
I000905,S00056,2026-05-25,99.00,EUR,paid
I000906,S00056,2026-06-25,99.00,EUR,paid
I000907,S00056,2026-07-25,99.00,EUR,paid
I000908,S00057,2025-01-01,29.00,EUR,paid
I000909,S00057,2025-02-01,29.00,EUR,paid
I000910,S00057,2025-03-01,29.00,EUR,paid
I000911,S00057,2025-04-01,29.00,EUR,paid
I000912,S00057,2025-05-01,29.00,EUR,paid
I000913,S00057,2025-06-01,29.00,EUR,paid
I000914,S00057,2025-07-01,29.00,EUR,paid
I000915,S00057,2025-08-01,29.00,EUR,paid
I000916,S00057,2025-09-01,29.00,EUR,paid
I000917,S00057,2025-10-01,29.00,EUR,paid
I000918,S00057,2025-11-01,29.00,EUR,failed
I000919,S00057,2025-12-01,29.00,EUR,paid
I000920,S00057,2026-01-01,29.00,EUR,paid
I000921,S00057,2026-02-01,29.00,EUR,paid
I000922,S00057,2026-03-01,29.00,EUR,paid
I000923,S00057,2026-04-01,29.00,EUR,paid
I000924,S00057,2026-05-01,29.00,EUR,open
I000925,S00057,2026-06-01,29.00,EUR,paid
I000926,S00057,2026-07-01,29.00,EUR,paid
I000927,S00058,2025-06-26,29.00,EUR,paid
I000928,S00058,2025-07-26,29.00,EUR,paid
I000929,S00058,2025-08-26,29.00,EUR,paid
I000930,S00058,2025-09-26,29.00,EUR,paid
I000931,S00058,2025-10-26,29.00,EUR,paid
I000932,S00058,2025-11-26,29.00,EUR,paid
I000933,S00059,2024-09-25,299.00,EUR,paid
I000934,S00059,2024-10-25,299.00,EUR,paid
I000935,S00059,2024-11-25,299.00,EUR,paid
I000936,S00059,2024-12-25,299.00,EUR,open
I000937,S00059,2025-01-25,299.00,EUR,paid
I000938,S00059,2025-02-25,299.00,EUR,paid
I000939,S00059,2025-03-25,299.00,EUR,paid
I000940,S00059,2025-04-25,299.00,EUR,paid
I000941,S00059,2025-05-25,299.00,EUR,paid
I000942,S00059,2025-06-25,299.00,EUR,paid
I000943,S00059,2025-07-25,299.00,EUR,paid
I000944,S00059,2025-08-25,299.00,EUR,paid
I000945,S00059,2025-09-25,299.00,EUR,paid
I000946,S00059,2025-10-25,299.00,EUR,paid
I000947,S00059,2025-11-25,299.00,EUR,paid
I000948,S00059,2025-12-25,299.00,EUR,paid
I000949,S00059,2026-01-25,299.00,EUR,paid
I000950,S00059,2026-02-25,299.00,EUR,paid
I000951,S00059,2026-03-25,299.00,EUR,paid
I000952,S00059,2026-04-25,299.00,EUR,failed
I000953,S00059,2026-05-25,299.00,EUR,open
I000954,S00059,2026-06-25,299.00,EUR,open
I000955,S00059,2026-07-25,299.00,EUR,paid
I000956,S00060,2024-09-06,99.00,EUR,paid
I000957,S00060,2024-10-06,99.00,EUR,paid
I000958,S00060,2024-11-06,99.00,EUR,failed
I000959,S00060,2024-12-06,99.00,EUR,failed
I000960,S00060,2025-01-06,99.00,EUR,paid
I000961,S00060,2025-02-06,99.00,EUR,paid
I000962,S00060,2025-03-06,99.00,EUR,paid
I000963,S00060,2025-04-06,99.00,EUR,paid
I000964,S00060,2025-05-06,99.00,EUR,paid
I000965,S00060,2025-06-06,99.00,EUR,paid
I000966,S00060,2025-07-06,99.00,EUR,paid
I000967,S00060,2025-08-06,99.00,EUR,paid
I000968,S00060,2025-09-06,99.00,EUR,paid
I000969,S00060,2025-10-06,99.00,EUR,paid
I000970,S00060,2025-11-06,99.00,EUR,paid
I000971,S00060,2025-12-06,99.00,EUR,paid
I000972,S00060,2026-01-06,99.00,EUR,open
I000973,S00060,2026-02-06,99.00,EUR,paid
I000974,S00060,2026-03-06,99.00,EUR,failed
I000975,S00060,2026-04-06,99.00,EUR,paid
I000976,S00060,2026-05-06,99.00,EUR,paid
I000977,S00060,2026-06-06,99.00,EUR,paid
I000978,S00060,2026-07-06,99.00,EUR,paid
I000979,S00061,2025-04-06,29.00,EUR,paid
I000980,S00061,2025-05-06,29.00,EUR,open
I000981,S00061,2025-06-06,29.00,EUR,paid
I000982,S00061,2025-07-06,29.00,EUR,paid
I000983,S00061,2025-08-06,29.00,EUR,paid
I000984,S00061,2025-09-06,29.00,EUR,paid
I000985,S00061,2025-10-06,29.00,EUR,paid
I000986,S00061,2025-11-06,29.00,EUR,paid
I000987,S00061,2025-12-06,29.00,EUR,paid
I000988,S00061,2026-01-06,29.00,EUR,open
I000989,S00061,2026-02-06,29.00,EUR,paid
I000990,S00061,2026-03-06,29.00,EUR,paid
I000991,S00061,2026-04-06,29.00,EUR,paid
I000992,S00061,2026-05-06,29.00,EUR,paid
I000993,S00061,2026-06-06,29.00,EUR,paid
I000994,S00061,2026-07-06,29.00,EUR,open
I000995,S00062,2024-04-17,29.00,EUR,paid
I000996,S00062,2024-05-17,29.00,EUR,failed
I000997,S00062,2024-06-17,29.00,EUR,paid
I000998,S00062,2024-07-17,29.00,EUR,failed
I000999,S00062,2024-08-17,29.00,EUR,failed
I001000,S00062,2024-09-17,29.00,EUR,paid
I001001,S00062,2024-10-17,29.00,EUR,failed
I001002,S00062,2024-11-17,29.00,EUR,paid
I001003,S00062,2024-12-17,29.00,EUR,paid
I001004,S00062,2025-01-17,29.00,EUR,paid
I001005,S00062,2025-02-17,29.00,EUR,paid
I001006,S00062,2025-03-17,29.00,EUR,open
I001007,S00062,2025-04-17,29.00,EUR,paid
I001008,S00062,2025-05-17,29.00,EUR,paid
I001009,S00062,2025-06-17,29.00,EUR,paid
I001010,S00062,2025-07-17,29.00,EUR,paid
I001011,S00062,2025-08-17,29.00,EUR,paid
I001012,S00062,2025-09-17,29.00,EUR,paid
I001013,S00062,2025-10-17,29.00,EUR,paid
I001014,S00062,2025-11-17,29.00,EUR,paid
I001015,S00062,2025-12-17,29.00,EUR,paid
I001016,S00062,2026-01-17,29.00,EUR,failed
I001017,S00062,2026-02-17,29.00,EUR,paid
I001018,S00062,2026-03-17,29.00,EUR,paid
I001019,S00062,2026-04-17,29.00,EUR,open
I001020,S00062,2026-05-17,29.00,EUR,paid
I001021,S00062,2026-06-17,29.00,EUR,paid
I001022,S00062,2026-07-17,29.00,EUR,paid
I001023,S00063,2024-02-08,99.00,EUR,paid
I001024,S00063,2024-03-08,99.00,EUR,paid
I001025,S00063,2024-04-08,99.00,EUR,paid
I001026,S00063,2024-05-08,99.00,EUR,failed
I001027,S00063,2024-06-08,99.00,EUR,paid
I001028,S00063,2024-07-08,99.00,EUR,paid
I001029,S00063,2024-08-08,99.00,EUR,paid
I001030,S00063,2024-09-08,99.00,EUR,paid
I001031,S00063,2024-10-08,99.00,EUR,paid
I001032,S00063,2024-11-08,99.00,EUR,paid
I001033,S00063,2024-12-08,99.00,EUR,paid
I001034,S00064,2024-09-21,99.00,EUR,paid
I001035,S00064,2024-10-21,99.00,EUR,paid
I001036,S00064,2024-11-21,99.00,EUR,paid
I001037,S00064,2024-12-21,99.00,EUR,paid
I001038,S00064,2025-01-21,99.00,EUR,failed
I001039,S00064,2025-02-21,99.00,EUR,paid
I001040,S00064,2025-03-21,99.00,EUR,paid
I001041,S00064,2025-04-21,99.00,EUR,paid
I001042,S00064,2025-05-21,99.00,EUR,paid
I001043,S00064,2025-06-21,99.00,EUR,paid
I001044,S00064,2025-07-21,99.00,EUR,paid
I001045,S00064,2025-08-21,99.00,EUR,paid
I001046,S00064,2025-09-21,99.00,EUR,open
I001047,S00064,2025-10-21,99.00,EUR,paid
I001048,S00064,2025-11-21,99.00,EUR,paid
I001049,S00064,2025-12-21,99.00,EUR,paid
I001050,S00064,2026-01-21,99.00,EUR,paid
I001051,S00064,2026-02-21,99.00,EUR,paid
I001052,S00064,2026-03-21,99.00,EUR,failed
I001053,S00064,2026-04-21,99.00,EUR,paid
I001054,S00064,2026-05-21,99.00,EUR,paid
I001055,S00064,2026-06-21,99.00,EUR,paid
I001056,S00064,2026-07-21,99.00,EUR,paid
I001057,S00065,2024-05-22,99.00,EUR,paid
I001058,S00065,2024-06-22,99.00,EUR,paid
I001059,S00065,2024-07-22,99.00,EUR,paid
I001060,S00065,2024-08-22,99.00,EUR,paid
I001061,S00065,2024-09-22,99.00,EUR,paid
I001062,S00065,2024-10-22,99.00,EUR,paid
I001063,S00065,2024-11-22,99.00,EUR,paid
I001064,S00065,2024-12-22,99.00,EUR,paid
I001065,S00066,2024-10-18,299.00,EUR,paid
I001066,S00066,2024-11-18,299.00,EUR,paid
I001067,S00066,2024-12-18,299.00,EUR,paid
I001068,S00066,2025-01-18,299.00,EUR,paid
I001069,S00066,2025-02-18,299.00,EUR,paid
I001070,S00066,2025-03-18,299.00,EUR,paid
I001071,S00066,2025-04-18,299.00,EUR,paid
I001072,S00066,2025-05-18,299.00,EUR,failed
I001073,S00066,2025-06-18,299.00,EUR,paid
I001074,S00066,2025-07-18,299.00,EUR,paid
I001075,S00066,2025-08-18,299.00,EUR,paid
I001076,S00066,2025-09-18,299.00,EUR,paid
I001077,S00066,2025-10-18,299.00,EUR,open
I001078,S00066,2025-11-18,299.00,EUR,paid
I001079,S00066,2025-12-18,299.00,EUR,paid
I001080,S00066,2026-01-18,299.00,EUR,paid
I001081,S00066,2026-02-18,299.00,EUR,paid
I001082,S00066,2026-03-18,299.00,EUR,paid
I001083,S00066,2026-04-18,299.00,EUR,paid
I001084,S00066,2026-05-18,299.00,EUR,paid
I001085,S00066,2026-06-18,299.00,EUR,paid
I001086,S00066,2026-07-18,299.00,EUR,paid
I001087,S00067,2024-04-11,99.00,EUR,paid
I001088,S00067,2024-05-11,99.00,EUR,paid
I001089,S00067,2024-06-11,99.00,EUR,failed
I001090,S00067,2024-07-11,99.00,EUR,paid
I001091,S00067,2024-08-11,99.00,EUR,paid
I001092,S00067,2024-09-11,99.00,EUR,paid
I001093,S00067,2024-10-11,99.00,EUR,paid
I001094,S00067,2024-11-11,99.00,EUR,open
I001095,S00067,2024-12-11,99.00,EUR,paid
I001096,S00067,2025-01-11,99.00,EUR,paid
I001097,S00067,2025-02-11,99.00,EUR,paid
I001098,S00067,2025-03-11,99.00,EUR,paid
I001099,S00067,2025-04-11,99.00,EUR,paid
I001100,S00067,2025-05-11,99.00,EUR,paid
I001101,S00067,2025-06-11,99.00,EUR,paid
I001102,S00067,2025-07-11,99.00,EUR,paid
I001103,S00067,2025-08-11,99.00,EUR,paid
I001104,S00067,2025-09-11,99.00,EUR,paid
I001105,S00067,2025-10-11,99.00,EUR,paid
I001106,S00067,2025-11-11,99.00,EUR,open
I001107,S00067,2025-12-11,99.00,EUR,paid
I001108,S00067,2026-01-11,99.00,EUR,paid
I001109,S00067,2026-02-11,99.00,EUR,paid
I001110,S00067,2026-03-11,99.00,EUR,paid
I001111,S00067,2026-04-11,99.00,EUR,open
I001112,S00067,2026-05-11,99.00,EUR,open
I001113,S00067,2026-06-11,99.00,EUR,paid
I001114,S00067,2026-07-11,99.00,EUR,paid
I001115,S00068,2024-09-26,299.00,EUR,paid
I001116,S00068,2024-10-26,299.00,EUR,open
I001117,S00068,2024-11-26,299.00,EUR,open
I001118,S00068,2024-12-26,299.00,EUR,paid
I001119,S00068,2025-01-26,299.00,EUR,paid
I001120,S00068,2025-02-26,299.00,EUR,open
I001121,S00068,2025-03-26,299.00,EUR,paid
I001122,S00068,2025-04-26,299.00,EUR,failed
I001123,S00068,2025-05-26,299.00,EUR,paid
I001124,S00068,2025-06-26,299.00,EUR,paid
I001125,S00068,2025-07-26,299.00,EUR,paid
I001126,S00068,2025-08-26,299.00,EUR,paid
I001127,S00068,2025-09-26,299.00,EUR,paid
I001128,S00068,2025-10-26,299.00,EUR,paid
I001129,S00068,2025-11-26,299.00,EUR,paid
I001130,S00068,2025-12-26,299.00,EUR,paid
I001131,S00068,2026-01-26,299.00,EUR,paid
I001132,S00068,2026-02-26,299.00,EUR,open
I001133,S00068,2026-03-26,299.00,EUR,paid
I001134,S00068,2026-04-26,299.00,EUR,paid
I001135,S00068,2026-05-26,299.00,EUR,paid
I001136,S00068,2026-06-26,299.00,EUR,failed
I001137,S00068,2026-07-26,299.00,EUR,paid
I001138,S00069,2025-04-27,29.00,EUR,paid
I001139,S00069,2025-05-27,29.00,EUR,failed
I001140,S00069,2025-06-27,29.00,EUR,paid
I001141,S00069,2025-07-27,29.00,EUR,paid
I001142,S00069,2025-08-27,29.00,EUR,paid
I001143,S00069,2025-09-27,29.00,EUR,paid
I001144,S00069,2025-10-27,29.00,EUR,paid
I001145,S00069,2025-11-27,29.00,EUR,failed
I001146,S00069,2025-12-27,29.00,EUR,paid
I001147,S00069,2026-01-27,29.00,EUR,paid
I001148,S00069,2026-02-27,29.00,EUR,paid
I001149,S00069,2026-03-27,29.00,EUR,paid
I001150,S00069,2026-04-27,29.00,EUR,failed
I001151,S00069,2026-05-27,29.00,EUR,paid
I001152,S00069,2026-06-27,29.00,EUR,paid
I001153,S00069,2026-07-27,29.00,EUR,failed
I001154,S00070,2025-12-07,99.00,EUR,paid
I001155,S00070,2026-01-07,99.00,EUR,paid
I001156,S00070,2026-02-07,99.00,EUR,paid
I001157,S00070,2026-03-07,99.00,EUR,paid
I001158,S00070,2026-04-07,99.00,EUR,paid
I001159,S00070,2026-05-07,99.00,EUR,paid
I001160,S00070,2026-06-07,99.00,EUR,paid
I001161,S00070,2026-07-07,99.00,EUR,paid
I001162,S00071,2024-05-19,29.00,EUR,paid
I001163,S00071,2024-06-19,29.00,EUR,paid
I001164,S00071,2024-07-19,29.00,EUR,paid
I001165,S00071,2024-08-19,29.00,EUR,paid
I001166,S00071,2024-09-19,29.00,EUR,paid
I001167,S00071,2024-10-19,29.00,EUR,paid
I001168,S00071,2024-11-19,29.00,EUR,paid
I001169,S00071,2024-12-19,29.00,EUR,paid
I001170,S00071,2025-01-19,29.00,EUR,paid
I001171,S00071,2025-02-19,29.00,EUR,paid
I001172,S00071,2025-03-19,29.00,EUR,paid
I001173,S00071,2025-04-19,29.00,EUR,paid
I001174,S00071,2025-05-19,29.00,EUR,paid
I001175,S00071,2025-06-19,29.00,EUR,paid
I001176,S00071,2025-07-19,29.00,EUR,paid
I001177,S00071,2025-08-19,29.00,EUR,paid
I001178,S00071,2025-09-19,29.00,EUR,paid
I001179,S00071,2025-10-19,29.00,EUR,paid
I001180,S00071,2025-11-19,29.00,EUR,paid
I001181,S00071,2025-12-19,29.00,EUR,paid
I001182,S00071,2026-01-19,29.00,EUR,paid
I001183,S00071,2026-02-19,29.00,EUR,paid
I001184,S00071,2026-03-19,29.00,EUR,paid
I001185,S00071,2026-04-19,29.00,EUR,paid
I001186,S00071,2026-05-19,29.00,EUR,open
I001187,S00071,2026-06-19,29.00,EUR,open
I001188,S00071,2026-07-19,29.00,EUR,failed
I001189,S00072,2024-05-31,29.00,EUR,paid
I001190,S00072,2024-06-28,29.00,EUR,paid
I001191,S00072,2024-07-28,29.00,EUR,paid
I001192,S00072,2024-08-28,29.00,EUR,paid
I001193,S00072,2024-09-28,29.00,EUR,paid
I001194,S00072,2024-10-28,29.00,EUR,paid
I001195,S00072,2024-11-28,29.00,EUR,paid
I001196,S00072,2024-12-28,29.00,EUR,paid
I001197,S00072,2025-01-28,29.00,EUR,paid
I001198,S00072,2025-02-28,29.00,EUR,paid
I001199,S00072,2025-03-28,29.00,EUR,paid
I001200,S00072,2025-04-28,29.00,EUR,paid
I001201,S00072,2025-05-28,29.00,EUR,paid
I001202,S00072,2025-06-28,29.00,EUR,paid
I001203,S00072,2025-07-28,29.00,EUR,paid
I001204,S00072,2025-08-28,29.00,EUR,paid
I001205,S00072,2025-09-28,29.00,EUR,paid
I001206,S00072,2025-10-28,29.00,EUR,paid
I001207,S00072,2025-11-28,29.00,EUR,failed
I001208,S00072,2025-12-28,29.00,EUR,paid
I001209,S00072,2026-01-28,29.00,EUR,paid
I001210,S00072,2026-02-28,29.00,EUR,paid
I001211,S00072,2026-03-28,29.00,EUR,paid
I001212,S00072,2026-04-28,29.00,EUR,paid
I001213,S00072,2026-05-28,29.00,EUR,paid
I001214,S00072,2026-06-28,29.00,EUR,open
I001215,S00072,2026-07-28,29.00,EUR,failed
I001216,S00073,2025-02-24,29.00,EUR,paid
I001217,S00073,2025-03-24,29.00,EUR,paid
I001218,S00073,2025-04-24,29.00,EUR,failed
I001219,S00073,2025-05-24,29.00,EUR,paid
I001220,S00073,2025-06-24,29.00,EUR,paid
I001221,S00073,2025-07-24,29.00,EUR,failed
I001222,S00073,2025-08-24,29.00,EUR,failed
I001223,S00073,2025-09-24,29.00,EUR,paid
I001224,S00073,2025-10-24,29.00,EUR,paid
I001225,S00073,2025-11-24,29.00,EUR,paid
I001226,S00073,2025-12-24,29.00,EUR,paid
I001227,S00073,2026-01-24,29.00,EUR,paid
I001228,S00073,2026-02-24,29.00,EUR,paid
I001229,S00073,2026-03-24,29.00,EUR,paid
I001230,S00073,2026-04-24,29.00,EUR,paid
I001231,S00073,2026-05-24,29.00,EUR,paid
I001232,S00073,2026-06-24,29.00,EUR,paid
I001233,S00073,2026-07-24,29.00,EUR,paid
I001234,S00074,2025-10-23,29.00,EUR,paid
I001235,S00074,2025-11-23,29.00,EUR,paid
I001236,S00074,2025-12-23,29.00,EUR,paid
I001237,S00074,2026-01-23,29.00,EUR,failed
I001238,S00074,2026-02-23,29.00,EUR,paid
I001239,S00074,2026-03-23,29.00,EUR,paid
I001240,S00074,2026-04-23,29.00,EUR,paid
I001241,S00074,2026-05-23,29.00,EUR,paid
I001242,S00074,2026-06-23,29.00,EUR,paid
I001243,S00074,2026-07-23,29.00,EUR,paid
I001244,S00075,2025-04-22,99.00,EUR,paid
I001245,S00075,2025-05-22,99.00,EUR,paid
I001246,S00075,2025-06-22,99.00,EUR,paid
I001247,S00075,2025-07-22,99.00,EUR,paid
I001248,S00075,2025-08-22,99.00,EUR,paid
I001249,S00075,2025-09-22,99.00,EUR,paid
I001250,S00075,2025-10-22,99.00,EUR,paid
I001251,S00075,2025-11-22,99.00,EUR,paid
I001252,S00075,2025-12-22,99.00,EUR,paid
I001253,S00075,2026-01-22,99.00,EUR,failed
I001254,S00075,2026-02-22,99.00,EUR,paid
I001255,S00075,2026-03-22,99.00,EUR,paid
I001256,S00075,2026-04-22,99.00,EUR,paid
I001257,S00075,2026-05-22,99.00,EUR,open
I001258,S00075,2026-06-22,99.00,EUR,paid
I001259,S00075,2026-07-22,99.00,EUR,paid
I001260,S00076,2024-12-06,299.00,EUR,paid
I001261,S00076,2025-01-06,299.00,EUR,paid
I001262,S00076,2025-02-06,299.00,EUR,open
I001263,S00076,2025-03-06,299.00,EUR,paid
I001264,S00076,2025-04-06,299.00,EUR,paid
I001265,S00076,2025-05-06,299.00,EUR,paid
I001266,S00076,2025-06-06,299.00,EUR,paid
I001267,S00076,2025-07-06,299.00,EUR,paid
I001268,S00076,2025-08-06,299.00,EUR,paid
I001269,S00076,2025-09-06,299.00,EUR,paid
I001270,S00076,2025-10-06,299.00,EUR,paid
I001271,S00076,2025-11-06,299.00,EUR,failed
I001272,S00076,2025-12-06,299.00,EUR,paid
I001273,S00076,2026-01-06,299.00,EUR,paid
I001274,S00076,2026-02-06,299.00,EUR,paid
I001275,S00076,2026-03-06,299.00,EUR,failed
I001276,S00076,2026-04-06,299.00,EUR,paid
I001277,S00076,2026-05-06,299.00,EUR,paid
I001278,S00076,2026-06-06,299.00,EUR,paid
I001279,S00076,2026-07-06,299.00,EUR,paid
I001280,S00077,2025-10-26,29.00,EUR,paid
I001281,S00077,2025-11-26,29.00,EUR,paid
I001282,S00077,2025-12-26,29.00,EUR,paid
I001283,S00077,2026-01-26,29.00,EUR,paid
I001284,S00077,2026-02-26,29.00,EUR,paid
I001285,S00077,2026-03-26,29.00,EUR,paid
I001286,S00077,2026-04-26,29.00,EUR,paid
I001287,S00077,2026-05-26,29.00,EUR,paid
I001288,S00077,2026-06-26,29.00,EUR,paid
I001289,S00077,2026-07-26,29.00,EUR,paid
I001290,S00078,2025-05-19,299.00,EUR,paid
I001291,S00078,2025-06-19,299.00,EUR,paid
I001292,S00078,2025-07-19,299.00,EUR,failed
I001293,S00078,2025-08-19,299.00,EUR,paid
I001294,S00078,2025-09-19,299.00,EUR,failed
I001295,S00078,2025-10-19,299.00,EUR,paid
I001296,S00078,2025-11-19,299.00,EUR,paid
I001297,S00078,2025-12-19,299.00,EUR,paid
I001298,S00078,2026-01-19,299.00,EUR,paid
I001299,S00078,2026-02-19,299.00,EUR,paid
I001300,S00078,2026-03-19,299.00,EUR,paid
I001301,S00078,2026-04-19,299.00,EUR,paid
I001302,S00078,2026-05-19,299.00,EUR,paid
I001303,S00078,2026-06-19,299.00,EUR,paid
I001304,S00078,2026-07-19,299.00,EUR,paid
I001305,S00079,2024-02-26,29.00,EUR,paid
I001306,S00079,2024-03-26,29.00,EUR,paid
I001307,S00079,2024-04-26,29.00,EUR,paid
I001308,S00079,2024-05-26,29.00,EUR,paid
I001309,S00079,2024-06-26,29.00,EUR,paid
I001310,S00079,2024-07-26,29.00,EUR,paid
I001311,S00079,2024-08-26,29.00,EUR,failed
I001312,S00079,2024-09-26,29.00,EUR,paid
I001313,S00079,2024-10-26,29.00,EUR,paid
I001314,S00079,2024-11-26,29.00,EUR,paid
I001315,S00079,2024-12-26,29.00,EUR,paid
I001316,S00079,2025-01-26,29.00,EUR,failed
I001317,S00079,2025-02-26,29.00,EUR,paid
I001318,S00079,2025-03-26,29.00,EUR,paid
I001319,S00079,2025-04-26,29.00,EUR,paid
I001320,S00079,2025-05-26,29.00,EUR,paid
I001321,S00079,2025-06-26,29.00,EUR,paid
I001322,S00079,2025-07-26,29.00,EUR,paid
I001323,S00079,2025-08-26,29.00,EUR,paid
I001324,S00079,2025-09-26,29.00,EUR,paid
I001325,S00079,2025-10-26,29.00,EUR,paid
I001326,S00079,2025-11-26,29.00,EUR,paid
I001327,S00079,2025-12-26,29.00,EUR,paid
I001328,S00079,2026-01-26,29.00,EUR,paid
I001329,S00079,2026-02-26,29.00,EUR,paid
I001330,S00079,2026-03-26,29.00,EUR,paid
I001331,S00079,2026-04-26,29.00,EUR,paid
I001332,S00079,2026-05-26,29.00,EUR,paid
I001333,S00079,2026-06-26,29.00,EUR,open
I001334,S00079,2026-07-26,29.00,EUR,paid
I001335,S00080,2025-02-23,29.00,EUR,paid
I001336,S00080,2025-03-23,29.00,EUR,paid
I001337,S00080,2025-04-23,29.00,EUR,paid
I001338,S00080,2025-05-23,29.00,EUR,open
I001339,S00080,2025-06-23,29.00,EUR,paid
I001340,S00080,2025-07-23,29.00,EUR,paid
I001341,S00080,2025-08-23,29.00,EUR,paid
I001342,S00080,2025-09-23,29.00,EUR,paid
I001343,S00080,2025-10-23,29.00,EUR,paid
I001344,S00080,2025-11-23,29.00,EUR,paid
I001345,S00080,2025-12-23,29.00,EUR,paid
I001346,S00080,2026-01-23,29.00,EUR,paid
I001347,S00080,2026-02-23,29.00,EUR,paid
I001348,S00080,2026-03-23,29.00,EUR,paid
I001349,S00080,2026-04-23,29.00,EUR,paid
I001350,S00080,2026-05-23,29.00,EUR,paid
I001351,S00080,2026-06-23,29.00,EUR,paid
I001352,S00080,2026-07-23,29.00,EUR,paid
I001353,S00081,2025-09-26,299.00,EUR,paid
I001354,S00081,2025-10-26,299.00,EUR,paid
I001355,S00081,2025-11-26,299.00,EUR,paid
I001356,S00081,2025-12-26,299.00,EUR,paid
I001357,S00081,2026-01-26,299.00,EUR,paid
I001358,S00081,2026-02-26,299.00,EUR,paid
I001359,S00082,2025-03-05,299.00,EUR,paid
I001360,S00082,2025-04-05,299.00,EUR,paid
I001361,S00082,2025-05-05,299.00,EUR,paid
I001362,S00082,2025-06-05,299.00,EUR,paid
I001363,S00082,2025-07-05,299.00,EUR,paid
I001364,S00082,2025-08-05,299.00,EUR,paid
I001365,S00083,2024-01-08,99.00,EUR,failed
I001366,S00083,2024-02-08,99.00,EUR,paid
I001367,S00083,2024-03-08,99.00,EUR,paid
I001368,S00083,2024-04-08,99.00,EUR,paid
I001369,S00083,2024-05-08,99.00,EUR,paid
I001370,S00083,2024-06-08,99.00,EUR,paid
I001371,S00083,2024-07-08,99.00,EUR,paid
I001372,S00083,2024-08-08,99.00,EUR,paid
I001373,S00083,2024-09-08,99.00,EUR,paid
I001374,S00083,2024-10-08,99.00,EUR,paid
I001375,S00083,2024-11-08,99.00,EUR,paid
I001376,S00083,2024-12-08,99.00,EUR,failed
I001377,S00083,2025-01-08,99.00,EUR,paid
I001378,S00083,2025-02-08,99.00,EUR,paid
I001379,S00083,2025-03-08,99.00,EUR,paid
I001380,S00083,2025-04-08,99.00,EUR,paid
I001381,S00083,2025-05-08,99.00,EUR,paid
I001382,S00083,2025-06-08,99.00,EUR,paid
I001383,S00083,2025-07-08,99.00,EUR,paid
I001384,S00083,2025-08-08,99.00,EUR,paid
I001385,S00083,2025-09-08,99.00,EUR,paid
I001386,S00083,2025-10-08,99.00,EUR,paid
I001387,S00083,2025-11-08,99.00,EUR,paid
I001388,S00083,2025-12-08,99.00,EUR,paid
I001389,S00083,2026-01-08,99.00,EUR,paid
I001390,S00083,2026-02-08,99.00,EUR,paid
I001391,S00083,2026-03-08,99.00,EUR,paid
I001392,S00083,2026-04-08,99.00,EUR,paid
I001393,S00083,2026-05-08,99.00,EUR,paid
I001394,S00083,2026-06-08,99.00,EUR,paid
I001395,S00083,2026-07-08,99.00,EUR,paid
I001396,S00084,2024-11-04,299.00,EUR,paid
I001397,S00084,2024-12-04,299.00,EUR,paid
I001398,S00084,2025-01-04,299.00,EUR,paid
I001399,S00084,2025-02-04,299.00,EUR,paid
I001400,S00084,2025-03-04,299.00,EUR,paid
I001401,S00084,2025-04-04,299.00,EUR,paid
I001402,S00084,2025-05-04,299.00,EUR,paid
I001403,S00084,2025-06-04,299.00,EUR,failed
I001404,S00084,2025-07-04,299.00,EUR,paid
I001405,S00084,2025-08-04,299.00,EUR,paid
I001406,S00084,2025-09-04,299.00,EUR,paid
I001407,S00084,2025-10-04,299.00,EUR,paid
I001408,S00084,2025-11-04,299.00,EUR,failed
I001409,S00084,2025-12-04,299.00,EUR,paid
I001410,S00084,2026-01-04,299.00,EUR,paid
I001411,S00084,2026-02-04,299.00,EUR,paid
I001412,S00084,2026-03-04,299.00,EUR,paid
I001413,S00084,2026-04-04,299.00,EUR,failed
I001414,S00084,2026-05-04,299.00,EUR,paid
I001415,S00084,2026-06-04,299.00,EUR,paid
I001416,S00084,2026-07-04,299.00,EUR,paid
I001417,S00085,2025-05-24,299.00,EUR,paid
I001418,S00085,2025-06-24,299.00,EUR,paid
I001419,S00085,2025-07-24,299.00,EUR,paid
I001420,S00085,2025-08-24,299.00,EUR,paid
I001421,S00085,2025-09-24,299.00,EUR,paid
I001422,S00085,2025-10-24,299.00,EUR,paid
I001423,S00085,2025-11-24,299.00,EUR,paid
I001424,S00085,2025-12-24,299.00,EUR,paid
I001425,S00085,2026-01-24,299.00,EUR,paid
I001426,S00085,2026-02-24,299.00,EUR,paid
I001427,S00085,2026-03-24,299.00,EUR,paid
I001428,S00086,2024-07-29,299.00,EUR,paid
I001429,S00086,2024-08-29,299.00,EUR,paid
I001430,S00086,2024-09-29,299.00,EUR,paid
I001431,S00086,2024-10-29,299.00,EUR,paid
I001432,S00086,2024-11-29,299.00,EUR,paid
I001433,S00086,2024-12-29,299.00,EUR,open
I001434,S00086,2025-01-29,299.00,EUR,failed
I001435,S00086,2025-02-28,299.00,EUR,paid
I001436,S00086,2025-03-28,299.00,EUR,paid
I001437,S00086,2025-04-28,299.00,EUR,failed
I001438,S00086,2025-05-28,299.00,EUR,paid
I001439,S00086,2025-06-28,299.00,EUR,open
I001440,S00086,2025-07-28,299.00,EUR,failed
I001441,S00086,2025-08-28,299.00,EUR,open
I001442,S00086,2025-09-28,299.00,EUR,paid
I001443,S00086,2025-10-28,299.00,EUR,open
I001444,S00086,2025-11-28,299.00,EUR,paid
I001445,S00086,2025-12-28,299.00,EUR,paid
I001446,S00086,2026-01-28,299.00,EUR,paid
I001447,S00086,2026-02-28,299.00,EUR,paid
I001448,S00086,2026-03-28,299.00,EUR,paid
I001449,S00086,2026-04-28,299.00,EUR,paid
I001450,S00086,2026-05-28,299.00,EUR,paid
I001451,S00086,2026-06-28,299.00,EUR,paid
I001452,S00086,2026-07-28,299.00,EUR,paid
I001453,S00087,2024-12-06,29.00,EUR,paid
I001454,S00087,2025-01-06,29.00,EUR,paid
I001455,S00087,2025-02-06,29.00,EUR,open
I001456,S00087,2025-03-06,29.00,EUR,paid
I001457,S00087,2025-04-06,29.00,EUR,paid
I001458,S00087,2025-05-06,29.00,EUR,paid
I001459,S00087,2025-06-06,29.00,EUR,failed
I001460,S00087,2025-07-06,29.00,EUR,paid
I001461,S00087,2025-08-06,29.00,EUR,failed
I001462,S00087,2025-09-06,29.00,EUR,paid
I001463,S00087,2025-10-06,29.00,EUR,paid
I001464,S00087,2025-11-06,29.00,EUR,paid
I001465,S00087,2025-12-06,29.00,EUR,paid
I001466,S00087,2026-01-06,29.00,EUR,paid
I001467,S00087,2026-02-06,29.00,EUR,paid
I001468,S00087,2026-03-06,29.00,EUR,paid
I001469,S00087,2026-04-06,29.00,EUR,paid
I001470,S00087,2026-05-06,29.00,EUR,paid
I001471,S00087,2026-06-06,29.00,EUR,paid
I001472,S00087,2026-07-06,29.00,EUR,paid
I001473,S00088,2025-07-08,99.00,EUR,paid
I001474,S00088,2025-08-08,99.00,EUR,paid
I001475,S00088,2025-09-08,99.00,EUR,paid
I001476,S00088,2025-10-08,99.00,EUR,paid
I001477,S00088,2025-11-08,99.00,EUR,paid
I001478,S00088,2025-12-08,99.00,EUR,paid
I001479,S00088,2026-01-08,99.00,EUR,paid
I001480,S00088,2026-02-08,99.00,EUR,paid
I001481,S00088,2026-03-08,99.00,EUR,paid
I001482,S00088,2026-04-08,99.00,EUR,paid
I001483,S00088,2026-05-08,99.00,EUR,paid
I001484,S00088,2026-06-08,99.00,EUR,paid
I001485,S00088,2026-07-08,99.00,EUR,paid
I001486,S00089,2024-03-05,99.00,EUR,paid
I001487,S00089,2024-04-05,99.00,EUR,paid
I001488,S00089,2024-05-05,99.00,EUR,open
I001489,S00089,2024-06-05,99.00,EUR,paid
I001490,S00089,2024-07-05,99.00,EUR,paid
I001491,S00089,2024-08-05,99.00,EUR,failed
I001492,S00089,2024-09-05,99.00,EUR,paid
I001493,S00089,2024-10-05,99.00,EUR,paid
I001494,S00089,2024-11-05,99.00,EUR,paid
I001495,S00089,2024-12-05,99.00,EUR,paid
I001496,S00089,2025-01-05,99.00,EUR,paid
I001497,S00089,2025-02-05,99.00,EUR,failed
I001498,S00089,2025-03-05,99.00,EUR,paid
I001499,S00089,2025-04-05,99.00,EUR,paid
I001500,S00089,2025-05-05,99.00,EUR,paid
I001501,S00089,2025-06-05,99.00,EUR,paid
I001502,S00089,2025-07-05,99.00,EUR,open
I001503,S00089,2025-08-05,99.00,EUR,paid
I001504,S00089,2025-09-05,99.00,EUR,paid
I001505,S00089,2025-10-05,99.00,EUR,paid
I001506,S00089,2025-11-05,99.00,EUR,paid
I001507,S00089,2025-12-05,99.00,EUR,paid
I001508,S00089,2026-01-05,99.00,EUR,paid
I001509,S00089,2026-02-05,99.00,EUR,paid
I001510,S00089,2026-03-05,99.00,EUR,paid
I001511,S00089,2026-04-05,99.00,EUR,paid
I001512,S00089,2026-05-05,99.00,EUR,paid
I001513,S00089,2026-06-05,99.00,EUR,paid
I001514,S00089,2026-07-05,99.00,EUR,paid
I001515,S00090,2024-11-23,299.00,EUR,paid
I001516,S00090,2024-12-23,299.00,EUR,paid
I001517,S00090,2025-01-23,299.00,EUR,paid
I001518,S00090,2025-02-23,299.00,EUR,failed
I001519,S00090,2025-03-23,299.00,EUR,paid
I001520,S00090,2025-04-23,299.00,EUR,paid
I001521,S00090,2025-05-23,299.00,EUR,paid
I001522,S00091,2025-06-14,99.00,EUR,paid
I001523,S00091,2025-07-14,99.00,EUR,paid
I001524,S00091,2025-08-14,99.00,EUR,paid
I001525,S00091,2025-09-14,99.00,EUR,paid
I001526,S00091,2025-10-14,99.00,EUR,open
I001527,S00091,2025-11-14,99.00,EUR,paid
I001528,S00091,2025-12-14,99.00,EUR,paid
I001529,S00091,2026-01-14,99.00,EUR,paid
I001530,S00091,2026-02-14,99.00,EUR,paid
I001531,S00091,2026-03-14,99.00,EUR,failed
I001532,S00091,2026-04-14,99.00,EUR,paid
I001533,S00091,2026-05-14,99.00,EUR,paid
I001534,S00091,2026-06-14,99.00,EUR,paid
I001535,S00091,2026-07-14,99.00,EUR,paid
I001536,S00092,2024-03-28,29.00,EUR,paid
I001537,S00092,2024-04-28,29.00,EUR,paid
I001538,S00092,2024-05-28,29.00,EUR,paid
I001539,S00092,2024-06-28,29.00,EUR,paid
I001540,S00092,2024-07-28,29.00,EUR,paid
I001541,S00092,2024-08-28,29.00,EUR,paid
I001542,S00092,2024-09-28,29.00,EUR,open
I001543,S00092,2024-10-28,29.00,EUR,paid
I001544,S00092,2024-11-28,29.00,EUR,paid
I001545,S00092,2024-12-28,29.00,EUR,paid
I001546,S00092,2025-01-28,29.00,EUR,paid
I001547,S00092,2025-02-28,29.00,EUR,paid
I001548,S00092,2025-03-28,29.00,EUR,failed
I001549,S00092,2025-04-28,29.00,EUR,paid
I001550,S00092,2025-05-28,29.00,EUR,paid
I001551,S00092,2025-06-28,29.00,EUR,paid
I001552,S00092,2025-07-28,29.00,EUR,paid
I001553,S00092,2025-08-28,29.00,EUR,paid
I001554,S00092,2025-09-28,29.00,EUR,paid
I001555,S00092,2025-10-28,29.00,EUR,paid
I001556,S00092,2025-11-28,29.00,EUR,paid
I001557,S00092,2025-12-28,29.00,EUR,paid
I001558,S00092,2026-01-28,29.00,EUR,paid
I001559,S00092,2026-02-28,29.00,EUR,paid
I001560,S00092,2026-03-28,29.00,EUR,paid
I001561,S00092,2026-04-28,29.00,EUR,paid
I001562,S00092,2026-05-28,29.00,EUR,paid
I001563,S00092,2026-06-28,29.00,EUR,paid
I001564,S00092,2026-07-28,29.00,EUR,paid
I001565,S00093,2024-09-05,99.00,EUR,paid
I001566,S00093,2024-10-05,99.00,EUR,open
I001567,S00093,2024-11-05,99.00,EUR,failed
I001568,S00093,2024-12-05,99.00,EUR,paid
I001569,S00093,2025-01-05,99.00,EUR,paid
I001570,S00093,2025-02-05,99.00,EUR,paid
I001571,S00093,2025-03-05,99.00,EUR,paid
I001572,S00093,2025-04-05,99.00,EUR,paid
I001573,S00093,2025-05-05,99.00,EUR,failed
I001574,S00093,2025-06-05,99.00,EUR,failed
I001575,S00093,2025-07-05,99.00,EUR,failed
I001576,S00093,2025-08-05,99.00,EUR,paid
I001577,S00093,2025-09-05,99.00,EUR,open
I001578,S00093,2025-10-05,99.00,EUR,paid
I001579,S00093,2025-11-05,99.00,EUR,paid
I001580,S00093,2025-12-05,99.00,EUR,paid
I001581,S00093,2026-01-05,99.00,EUR,paid
I001582,S00093,2026-02-05,99.00,EUR,failed
I001583,S00093,2026-03-05,99.00,EUR,paid
I001584,S00093,2026-04-05,99.00,EUR,paid
I001585,S00093,2026-05-05,99.00,EUR,paid
I001586,S00093,2026-06-05,99.00,EUR,paid
I001587,S00093,2026-07-05,99.00,EUR,paid
I001588,S00094,2024-04-22,29.00,EUR,paid
I001589,S00094,2024-05-22,29.00,EUR,paid
I001590,S00094,2024-06-22,29.00,EUR,paid
I001591,S00094,2024-07-22,29.00,EUR,paid
I001592,S00094,2024-08-22,29.00,EUR,paid
I001593,S00094,2024-09-22,29.00,EUR,paid
I001594,S00094,2024-10-22,29.00,EUR,paid
I001595,S00094,2024-11-22,29.00,EUR,paid
I001596,S00094,2024-12-22,29.00,EUR,paid
I001597,S00095,2024-11-15,29.00,EUR,paid
I001598,S00095,2024-12-15,29.00,EUR,paid
I001599,S00095,2025-01-15,29.00,EUR,paid
I001600,S00095,2025-02-15,29.00,EUR,paid
I001601,S00095,2025-03-15,29.00,EUR,paid
I001602,S00095,2025-04-15,29.00,EUR,paid
I001603,S00095,2025-05-15,29.00,EUR,paid
I001604,S00095,2025-06-15,29.00,EUR,paid
I001605,S00095,2025-07-15,29.00,EUR,paid
I001606,S00095,2025-08-15,29.00,EUR,paid
I001607,S00095,2025-09-15,29.00,EUR,paid
I001608,S00095,2025-10-15,29.00,EUR,paid
I001609,S00095,2025-11-15,29.00,EUR,paid
I001610,S00095,2025-12-15,29.00,EUR,paid
I001611,S00095,2026-01-15,29.00,EUR,paid
I001612,S00095,2026-02-15,29.00,EUR,paid
I001613,S00095,2026-03-15,29.00,EUR,paid
I001614,S00095,2026-04-15,29.00,EUR,paid
I001615,S00095,2026-05-15,29.00,EUR,paid
I001616,S00095,2026-06-15,29.00,EUR,paid
I001617,S00095,2026-07-15,29.00,EUR,paid
I001618,S00096,2025-03-17,299.00,EUR,paid
I001619,S00096,2025-04-17,299.00,EUR,paid
I001620,S00096,2025-05-17,299.00,EUR,paid
I001621,S00096,2025-06-17,299.00,EUR,paid
I001622,S00096,2025-07-17,299.00,EUR,paid
I001623,S00097,2025-08-30,299.00,EUR,paid
I001624,S00097,2025-09-30,299.00,EUR,failed
I001625,S00097,2025-10-30,299.00,EUR,paid
I001626,S00097,2025-11-30,299.00,EUR,paid
I001627,S00097,2025-12-30,299.00,EUR,paid
I001628,S00097,2026-01-30,299.00,EUR,paid
I001629,S00097,2026-02-28,299.00,EUR,paid
I001630,S00097,2026-03-28,299.00,EUR,paid
I001631,S00097,2026-04-28,299.00,EUR,paid
I001632,S00097,2026-05-28,299.00,EUR,open
I001633,S00097,2026-06-28,299.00,EUR,paid
I001634,S00097,2026-07-28,299.00,EUR,paid
I001635,S00098,2024-02-17,99.00,EUR,paid
I001636,S00098,2024-03-17,99.00,EUR,paid
I001637,S00098,2024-04-17,99.00,EUR,paid
I001638,S00098,2024-05-17,99.00,EUR,paid
I001639,S00098,2024-06-17,99.00,EUR,paid
I001640,S00098,2024-07-17,99.00,EUR,paid
I001641,S00098,2024-08-17,99.00,EUR,paid
I001642,S00098,2024-09-17,99.00,EUR,paid
I001643,S00098,2024-10-17,99.00,EUR,paid
I001644,S00098,2024-11-17,99.00,EUR,paid
I001645,S00098,2024-12-17,99.00,EUR,paid
I001646,S00098,2025-01-17,99.00,EUR,paid
I001647,S00098,2025-02-17,99.00,EUR,paid
I001648,S00098,2025-03-17,99.00,EUR,paid
I001649,S00098,2025-04-17,99.00,EUR,paid
I001650,S00098,2025-05-17,99.00,EUR,paid
I001651,S00098,2025-06-17,99.00,EUR,paid
I001652,S00098,2025-07-17,99.00,EUR,paid
I001653,S00098,2025-08-17,99.00,EUR,open
I001654,S00098,2025-09-17,99.00,EUR,paid
I001655,S00098,2025-10-17,99.00,EUR,paid
I001656,S00098,2025-11-17,99.00,EUR,paid
I001657,S00098,2025-12-17,99.00,EUR,paid
I001658,S00098,2026-01-17,99.00,EUR,failed
I001659,S00098,2026-02-17,99.00,EUR,open
I001660,S00098,2026-03-17,99.00,EUR,paid
I001661,S00098,2026-04-17,99.00,EUR,open
I001662,S00098,2026-05-17,99.00,EUR,paid
I001663,S00098,2026-06-17,99.00,EUR,paid
I001664,S00098,2026-07-17,99.00,EUR,paid
I001665,S00099,2024-12-15,299.00,EUR,paid
I001666,S00099,2025-01-15,299.00,EUR,paid
I001667,S00099,2025-02-15,299.00,EUR,paid
I001668,S00099,2025-03-15,299.00,EUR,paid
I001669,S00099,2025-04-15,299.00,EUR,paid
I001670,S00099,2025-05-15,299.00,EUR,paid
I001671,S00099,2025-06-15,299.00,EUR,open
I001672,S00099,2025-07-15,299.00,EUR,paid
I001673,S00099,2025-08-15,299.00,EUR,paid
I001674,S00099,2025-09-15,299.00,EUR,failed
I001675,S00099,2025-10-15,299.00,EUR,failed
I001676,S00099,2025-11-15,299.00,EUR,paid
I001677,S00099,2025-12-15,299.00,EUR,paid
I001678,S00099,2026-01-15,299.00,EUR,paid
I001679,S00099,2026-02-15,299.00,EUR,paid
I001680,S00099,2026-03-15,299.00,EUR,paid
I001681,S00099,2026-04-15,299.00,EUR,paid
I001682,S00099,2026-05-15,299.00,EUR,paid
I001683,S00099,2026-06-15,299.00,EUR,paid
I001684,S00099,2026-07-15,299.00,EUR,paid
I001685,S00100,2025-07-24,29.00,EUR,paid
I001686,S00100,2025-08-24,29.00,EUR,paid
I001687,S00100,2025-09-24,29.00,EUR,paid
I001688,S00100,2025-10-24,29.00,EUR,paid
I001689,S00100,2025-11-24,29.00,EUR,paid
I001690,S00100,2025-12-24,29.00,EUR,paid
I001691,S00100,2026-01-24,29.00,EUR,paid
I001692,S00100,2026-02-24,29.00,EUR,open
I001693,S00100,2026-03-24,29.00,EUR,paid
I001694,S00100,2026-04-24,29.00,EUR,paid
I001695,S00100,2026-05-24,29.00,EUR,paid
I001696,S00100,2026-06-24,29.00,EUR,paid
I001697,S00100,2026-07-24,29.00,EUR,paid
I001698,S00101,2024-12-16,29.00,EUR,paid
I001699,S00101,2025-01-16,29.00,EUR,paid
I001700,S00101,2025-02-16,29.00,EUR,open
I001701,S00101,2025-03-16,29.00,EUR,failed
I001702,S00101,2025-04-16,29.00,EUR,paid
I001703,S00101,2025-05-16,29.00,EUR,paid
I001704,S00101,2025-06-16,29.00,EUR,paid
I001705,S00101,2025-07-16,29.00,EUR,paid
I001706,S00101,2025-08-16,29.00,EUR,paid
I001707,S00101,2025-09-16,29.00,EUR,paid
I001708,S00101,2025-10-16,29.00,EUR,paid
I001709,S00101,2025-11-16,29.00,EUR,paid
I001710,S00101,2025-12-16,29.00,EUR,paid
I001711,S00101,2026-01-16,29.00,EUR,failed
I001712,S00101,2026-02-16,29.00,EUR,paid
I001713,S00101,2026-03-16,29.00,EUR,paid
I001714,S00101,2026-04-16,29.00,EUR,open
I001715,S00101,2026-05-16,29.00,EUR,open
I001716,S00101,2026-06-16,29.00,EUR,paid
I001717,S00101,2026-07-16,29.00,EUR,paid
I001718,S00102,2025-09-28,29.00,EUR,paid
I001719,S00102,2025-10-28,29.00,EUR,failed
I001720,S00102,2025-11-28,29.00,EUR,paid
I001721,S00102,2025-12-28,29.00,EUR,paid
I001722,S00102,2026-01-28,29.00,EUR,paid
I001723,S00102,2026-02-28,29.00,EUR,paid
I001724,S00102,2026-03-28,29.00,EUR,paid
I001725,S00102,2026-04-28,29.00,EUR,paid
I001726,S00102,2026-05-28,29.00,EUR,paid
I001727,S00102,2026-06-28,29.00,EUR,failed
I001728,S00102,2026-07-28,29.00,EUR,paid
I001729,S00103,2026-04-25,299.00,EUR,paid
I001730,S00103,2026-05-25,299.00,EUR,paid
I001731,S00103,2026-06-25,299.00,EUR,paid
I001732,S00103,2026-07-25,299.00,EUR,paid
I001733,S00104,2024-06-12,29.00,EUR,paid
I001734,S00104,2024-07-12,29.00,EUR,paid
I001735,S00104,2024-08-12,29.00,EUR,paid
I001736,S00104,2024-09-12,29.00,EUR,paid
I001737,S00104,2024-10-12,29.00,EUR,paid
I001738,S00104,2024-11-12,29.00,EUR,paid
I001739,S00104,2024-12-12,29.00,EUR,paid
I001740,S00104,2025-01-12,29.00,EUR,paid
I001741,S00104,2025-02-12,29.00,EUR,paid
I001742,S00104,2025-03-12,29.00,EUR,paid
I001743,S00104,2025-04-12,29.00,EUR,paid
I001744,S00104,2025-05-12,29.00,EUR,paid
I001745,S00104,2025-06-12,29.00,EUR,failed
I001746,S00104,2025-07-12,29.00,EUR,paid
I001747,S00104,2025-08-12,29.00,EUR,paid
I001748,S00104,2025-09-12,29.00,EUR,paid
I001749,S00104,2025-10-12,29.00,EUR,paid
I001750,S00104,2025-11-12,29.00,EUR,paid
I001751,S00104,2025-12-12,29.00,EUR,paid
I001752,S00104,2026-01-12,29.00,EUR,paid
I001753,S00104,2026-02-12,29.00,EUR,paid
I001754,S00104,2026-03-12,29.00,EUR,paid
I001755,S00104,2026-04-12,29.00,EUR,paid
I001756,S00104,2026-05-12,29.00,EUR,paid
I001757,S00104,2026-06-12,29.00,EUR,paid
I001758,S00104,2026-07-12,29.00,EUR,paid
I001759,S00105,2025-02-13,29.00,EUR,paid
I001760,S00105,2025-03-13,29.00,EUR,paid
I001761,S00105,2025-04-13,29.00,EUR,paid
I001762,S00105,2025-05-13,29.00,EUR,paid
I001763,S00105,2025-06-13,29.00,EUR,failed
I001764,S00105,2025-07-13,29.00,EUR,paid
I001765,S00105,2025-08-13,29.00,EUR,paid
I001766,S00105,2025-09-13,29.00,EUR,paid
I001767,S00105,2025-10-13,29.00,EUR,paid
I001768,S00105,2025-11-13,29.00,EUR,paid
I001769,S00105,2025-12-13,29.00,EUR,paid
I001770,S00105,2026-01-13,29.00,EUR,paid
I001771,S00105,2026-02-13,29.00,EUR,paid
I001772,S00105,2026-03-13,29.00,EUR,paid
I001773,S00105,2026-04-13,29.00,EUR,paid
I001774,S00105,2026-05-13,29.00,EUR,failed
I001775,S00105,2026-06-13,29.00,EUR,paid
I001776,S00105,2026-07-13,29.00,EUR,paid
I001777,S00106,2026-01-15,29.00,EUR,paid
I001778,S00106,2026-02-15,29.00,EUR,paid
I001779,S00106,2026-03-15,29.00,EUR,paid
I001780,S00106,2026-04-15,29.00,EUR,paid
I001781,S00106,2026-05-15,29.00,EUR,paid
I001782,S00106,2026-06-15,29.00,EUR,paid
I001783,S00106,2026-07-15,29.00,EUR,paid
I001784,S00107,2024-04-05,99.00,EUR,paid
I001785,S00107,2024-05-05,99.00,EUR,open
I001786,S00107,2024-06-05,99.00,EUR,paid
I001787,S00107,2024-07-05,99.00,EUR,paid
I001788,S00107,2024-08-05,99.00,EUR,open
I001789,S00107,2024-09-05,99.00,EUR,paid
I001790,S00107,2024-10-05,99.00,EUR,paid
I001791,S00107,2024-11-05,99.00,EUR,paid
I001792,S00107,2024-12-05,99.00,EUR,paid
I001793,S00107,2025-01-05,99.00,EUR,paid
I001794,S00107,2025-02-05,99.00,EUR,paid
I001795,S00107,2025-03-05,99.00,EUR,paid
I001796,S00107,2025-04-05,99.00,EUR,paid
I001797,S00107,2025-05-05,99.00,EUR,paid
I001798,S00107,2025-06-05,99.00,EUR,paid
I001799,S00107,2025-07-05,99.00,EUR,paid
I001800,S00107,2025-08-05,99.00,EUR,paid
I001801,S00107,2025-09-05,99.00,EUR,paid
I001802,S00107,2025-10-05,99.00,EUR,paid
I001803,S00107,2025-11-05,99.00,EUR,open
I001804,S00107,2025-12-05,99.00,EUR,paid
I001805,S00107,2026-01-05,99.00,EUR,paid
I001806,S00107,2026-02-05,99.00,EUR,paid
I001807,S00107,2026-03-05,99.00,EUR,paid
I001808,S00107,2026-04-05,99.00,EUR,paid
I001809,S00107,2026-05-05,99.00,EUR,paid
I001810,S00107,2026-06-05,99.00,EUR,paid
I001811,S00107,2026-07-05,99.00,EUR,paid
I001812,S00108,2025-01-01,99.00,EUR,paid
I001813,S00108,2025-02-01,99.00,EUR,paid
I001814,S00108,2025-03-01,99.00,EUR,open
I001815,S00108,2025-04-01,99.00,EUR,paid
I001816,S00108,2025-05-01,99.00,EUR,paid
I001817,S00108,2025-06-01,99.00,EUR,paid
I001818,S00108,2025-07-01,99.00,EUR,paid
I001819,S00108,2025-08-01,99.00,EUR,failed
I001820,S00108,2025-09-01,99.00,EUR,paid
I001821,S00108,2025-10-01,99.00,EUR,paid
I001822,S00108,2025-11-01,99.00,EUR,paid
I001823,S00108,2025-12-01,99.00,EUR,paid
I001824,S00108,2026-01-01,99.00,EUR,open
I001825,S00108,2026-02-01,99.00,EUR,paid
I001826,S00108,2026-03-01,99.00,EUR,paid
I001827,S00108,2026-04-01,99.00,EUR,paid
I001828,S00108,2026-05-01,99.00,EUR,paid
I001829,S00108,2026-06-01,99.00,EUR,paid
I001830,S00108,2026-07-01,99.00,EUR,open
I001831,S00109,2024-05-19,299.00,EUR,paid
I001832,S00109,2024-06-19,299.00,EUR,paid
I001833,S00109,2024-07-19,299.00,EUR,failed
I001834,S00109,2024-08-19,299.00,EUR,paid
I001835,S00109,2024-09-19,299.00,EUR,paid
I001836,S00109,2024-10-19,299.00,EUR,failed
I001837,S00109,2024-11-19,299.00,EUR,failed
I001838,S00109,2024-12-19,299.00,EUR,paid
I001839,S00109,2025-01-19,299.00,EUR,paid
I001840,S00109,2025-02-19,299.00,EUR,paid
I001841,S00109,2025-03-19,299.00,EUR,paid
I001842,S00109,2025-04-19,299.00,EUR,open
I001843,S00109,2025-05-19,299.00,EUR,paid
I001844,S00109,2025-06-19,299.00,EUR,failed
I001845,S00109,2025-07-19,299.00,EUR,paid
I001846,S00109,2025-08-19,299.00,EUR,paid
I001847,S00109,2025-09-19,299.00,EUR,paid
I001848,S00109,2025-10-19,299.00,EUR,paid
I001849,S00109,2025-11-19,299.00,EUR,paid
I001850,S00109,2025-12-19,299.00,EUR,paid
I001851,S00109,2026-01-19,299.00,EUR,paid
I001852,S00109,2026-02-19,299.00,EUR,paid
I001853,S00109,2026-03-19,299.00,EUR,paid
I001854,S00109,2026-04-19,299.00,EUR,paid
I001855,S00109,2026-05-19,299.00,EUR,open
I001856,S00109,2026-06-19,299.00,EUR,paid
I001857,S00109,2026-07-19,299.00,EUR,paid
I001858,S00110,2025-07-06,99.00,EUR,failed
I001859,S00110,2025-08-06,99.00,EUR,paid
I001860,S00110,2025-09-06,99.00,EUR,paid
I001861,S00110,2025-10-06,99.00,EUR,paid
I001862,S00110,2025-11-06,99.00,EUR,failed
I001863,S00110,2025-12-06,99.00,EUR,open
I001864,S00110,2026-01-06,99.00,EUR,paid
I001865,S00110,2026-02-06,99.00,EUR,paid
I001866,S00110,2026-03-06,99.00,EUR,paid
I001867,S00110,2026-04-06,99.00,EUR,paid
I001868,S00110,2026-05-06,99.00,EUR,paid
I001869,S00110,2026-06-06,99.00,EUR,paid
I001870,S00110,2026-07-06,99.00,EUR,paid
I001871,S00111,2026-02-14,299.00,EUR,paid
I001872,S00111,2026-03-14,299.00,EUR,open
I001873,S00111,2026-04-14,299.00,EUR,paid
I001874,S00111,2026-05-14,299.00,EUR,paid
I001875,S00111,2026-06-14,299.00,EUR,paid
I001876,S00111,2026-07-14,299.00,EUR,open
I001877,S00112,2024-04-24,29.00,EUR,paid
I001878,S00112,2024-05-24,29.00,EUR,paid
I001879,S00112,2024-06-24,29.00,EUR,paid
I001880,S00112,2024-07-24,29.00,EUR,paid
I001881,S00112,2024-08-24,29.00,EUR,open
I001882,S00112,2024-09-24,29.00,EUR,paid
I001883,S00112,2024-10-24,29.00,EUR,paid
I001884,S00112,2024-11-24,29.00,EUR,open
I001885,S00112,2024-12-24,29.00,EUR,failed
I001886,S00112,2025-01-24,29.00,EUR,paid
I001887,S00112,2025-02-24,29.00,EUR,failed
I001888,S00112,2025-03-24,29.00,EUR,paid
I001889,S00112,2025-04-24,29.00,EUR,paid
I001890,S00112,2025-05-24,29.00,EUR,paid
I001891,S00112,2025-06-24,29.00,EUR,paid
I001892,S00112,2025-07-24,29.00,EUR,paid
I001893,S00112,2025-08-24,29.00,EUR,failed
I001894,S00112,2025-09-24,29.00,EUR,paid
I001895,S00112,2025-10-24,29.00,EUR,failed
I001896,S00112,2025-11-24,29.00,EUR,paid
I001897,S00112,2025-12-24,29.00,EUR,paid
I001898,S00112,2026-01-24,29.00,EUR,failed
I001899,S00112,2026-02-24,29.00,EUR,paid
I001900,S00112,2026-03-24,29.00,EUR,open
I001901,S00112,2026-04-24,29.00,EUR,paid
I001902,S00112,2026-05-24,29.00,EUR,paid
I001903,S00112,2026-06-24,29.00,EUR,paid
I001904,S00112,2026-07-24,29.00,EUR,paid
I001905,S00113,2024-12-22,29.00,EUR,paid
I001906,S00113,2025-01-22,29.00,EUR,paid
I001907,S00114,2025-07-11,299.00,EUR,paid
I001908,S00114,2025-08-11,299.00,EUR,paid
I001909,S00114,2025-09-11,299.00,EUR,failed
I001910,S00114,2025-10-11,299.00,EUR,failed
I001911,S00114,2025-11-11,299.00,EUR,paid
I001912,S00114,2025-12-11,299.00,EUR,failed
I001913,S00114,2026-01-11,299.00,EUR,failed
I001914,S00114,2026-02-11,299.00,EUR,paid
I001915,S00115,2024-06-19,299.00,EUR,paid
I001916,S00115,2024-07-19,299.00,EUR,open
I001917,S00115,2024-08-19,299.00,EUR,failed
I001918,S00115,2024-09-19,299.00,EUR,paid
I001919,S00115,2024-10-19,299.00,EUR,paid
I001920,S00115,2024-11-19,299.00,EUR,failed
I001921,S00115,2024-12-19,299.00,EUR,paid
I001922,S00115,2025-01-19,299.00,EUR,paid
I001923,S00115,2025-02-19,299.00,EUR,paid
I001924,S00115,2025-03-19,299.00,EUR,failed
I001925,S00115,2025-04-19,299.00,EUR,paid
I001926,S00115,2025-05-19,299.00,EUR,open
I001927,S00115,2025-06-19,299.00,EUR,paid
I001928,S00115,2025-07-19,299.00,EUR,paid
I001929,S00115,2025-08-19,299.00,EUR,paid
I001930,S00115,2025-09-19,299.00,EUR,open
I001931,S00115,2025-10-19,299.00,EUR,paid
I001932,S00115,2025-11-19,299.00,EUR,paid
I001933,S00115,2025-12-19,299.00,EUR,paid
I001934,S00115,2026-01-19,299.00,EUR,paid
I001935,S00115,2026-02-19,299.00,EUR,paid
I001936,S00115,2026-03-19,299.00,EUR,paid
I001937,S00115,2026-04-19,299.00,EUR,paid
I001938,S00115,2026-05-19,299.00,EUR,paid
I001939,S00115,2026-06-19,299.00,EUR,paid
I001940,S00115,2026-07-19,299.00,EUR,failed
I001941,S00116,2024-10-28,29.00,EUR,open
I001942,S00116,2024-11-28,29.00,EUR,paid
I001943,S00116,2024-12-28,29.00,EUR,paid
I001944,S00116,2025-01-28,29.00,EUR,paid
I001945,S00116,2025-02-28,29.00,EUR,paid
I001946,S00116,2025-03-28,29.00,EUR,paid
I001947,S00116,2025-04-28,29.00,EUR,open
I001948,S00116,2025-05-28,29.00,EUR,paid
I001949,S00116,2025-06-28,29.00,EUR,paid
I001950,S00116,2025-07-28,29.00,EUR,paid
I001951,S00116,2025-08-28,29.00,EUR,paid
I001952,S00116,2025-09-28,29.00,EUR,paid
I001953,S00116,2025-10-28,29.00,EUR,paid
I001954,S00116,2025-11-28,29.00,EUR,paid
I001955,S00116,2025-12-28,29.00,EUR,failed
I001956,S00116,2026-01-28,29.00,EUR,paid
I001957,S00116,2026-02-28,29.00,EUR,paid
I001958,S00116,2026-03-28,29.00,EUR,paid
I001959,S00116,2026-04-28,29.00,EUR,paid
I001960,S00116,2026-05-28,29.00,EUR,paid
I001961,S00116,2026-06-28,29.00,EUR,open
I001962,S00116,2026-07-28,29.00,EUR,paid
I001963,S00117,2025-06-14,29.00,EUR,paid
I001964,S00117,2025-07-14,29.00,EUR,paid
I001965,S00117,2025-08-14,29.00,EUR,paid
I001966,S00118,2024-02-24,29.00,EUR,paid
I001967,S00118,2024-03-24,29.00,EUR,failed
I001968,S00118,2024-04-24,29.00,EUR,paid
I001969,S00118,2024-05-24,29.00,EUR,open
I001970,S00118,2024-06-24,29.00,EUR,paid
I001971,S00118,2024-07-24,29.00,EUR,paid
I001972,S00118,2024-08-24,29.00,EUR,paid
I001973,S00118,2024-09-24,29.00,EUR,paid
I001974,S00118,2024-10-24,29.00,EUR,paid
I001975,S00118,2024-11-24,29.00,EUR,paid
I001976,S00118,2024-12-24,29.00,EUR,paid
I001977,S00118,2025-01-24,29.00,EUR,paid
I001978,S00118,2025-02-24,29.00,EUR,paid
I001979,S00118,2025-03-24,29.00,EUR,paid
I001980,S00118,2025-04-24,29.00,EUR,paid
I001981,S00118,2025-05-24,29.00,EUR,paid
I001982,S00118,2025-06-24,29.00,EUR,paid
I001983,S00118,2025-07-24,29.00,EUR,paid
I001984,S00118,2025-08-24,29.00,EUR,paid
I001985,S00118,2025-09-24,29.00,EUR,paid
I001986,S00118,2025-10-24,29.00,EUR,paid
I001987,S00118,2025-11-24,29.00,EUR,paid
I001988,S00118,2025-12-24,29.00,EUR,paid
I001989,S00118,2026-01-24,29.00,EUR,paid
I001990,S00118,2026-02-24,29.00,EUR,paid
I001991,S00118,2026-03-24,29.00,EUR,paid
I001992,S00118,2026-04-24,29.00,EUR,paid
I001993,S00118,2026-05-24,29.00,EUR,paid
I001994,S00118,2026-06-24,29.00,EUR,paid
I001995,S00118,2026-07-24,29.00,EUR,paid
I001996,S00119,2024-11-11,29.00,EUR,paid
I001997,S00119,2024-12-11,29.00,EUR,paid
I001998,S00119,2025-01-11,29.00,EUR,paid
I001999,S00119,2025-02-11,29.00,EUR,paid
I002000,S00119,2025-03-11,29.00,EUR,paid
I002001,S00119,2025-04-11,29.00,EUR,paid
I002002,S00119,2025-05-11,29.00,EUR,open
I002003,S00119,2025-06-11,29.00,EUR,paid
I002004,S00119,2025-07-11,29.00,EUR,paid
I002005,S00119,2025-08-11,29.00,EUR,paid
I002006,S00119,2025-09-11,29.00,EUR,paid
I002007,S00119,2025-10-11,29.00,EUR,paid
I002008,S00119,2025-11-11,29.00,EUR,paid
I002009,S00119,2025-12-11,29.00,EUR,paid
I002010,S00119,2026-01-11,29.00,EUR,paid
I002011,S00119,2026-02-11,29.00,EUR,paid
I002012,S00119,2026-03-11,29.00,EUR,paid
I002013,S00119,2026-04-11,29.00,EUR,paid
I002014,S00119,2026-05-11,29.00,EUR,paid
I002015,S00119,2026-06-11,29.00,EUR,failed
I002016,S00119,2026-07-11,29.00,EUR,paid
I002017,S00120,2025-05-26,99.00,EUR,paid
I002018,S00120,2025-06-26,99.00,EUR,paid
I002019,S00120,2025-07-26,99.00,EUR,paid
I002020,S00120,2025-08-26,99.00,EUR,paid
I002021,S00120,2025-09-26,99.00,EUR,paid
I002022,S00120,2025-10-26,99.00,EUR,open
I002023,S00120,2025-11-26,99.00,EUR,paid
I002024,S00120,2025-12-26,99.00,EUR,open
I002025,S00120,2026-01-26,99.00,EUR,paid
I002026,S00120,2026-02-26,99.00,EUR,paid
I002027,S00120,2026-03-26,99.00,EUR,open
I002028,S00120,2026-04-26,99.00,EUR,paid
I002029,S00121,2024-07-10,299.00,EUR,paid
I002030,S00121,2024-08-10,299.00,EUR,open
I002031,S00121,2024-09-10,299.00,EUR,paid
I002032,S00121,2024-10-10,299.00,EUR,paid
I002033,S00121,2024-11-10,299.00,EUR,paid
I002034,S00121,2024-12-10,299.00,EUR,paid
I002035,S00121,2025-01-10,299.00,EUR,paid
I002036,S00121,2025-02-10,299.00,EUR,paid
I002037,S00121,2025-03-10,299.00,EUR,failed
I002038,S00121,2025-04-10,299.00,EUR,failed
I002039,S00121,2025-05-10,299.00,EUR,paid
I002040,S00121,2025-06-10,299.00,EUR,paid
I002041,S00121,2025-07-10,299.00,EUR,paid
I002042,S00121,2025-08-10,299.00,EUR,failed
I002043,S00121,2025-09-10,299.00,EUR,paid
I002044,S00121,2025-10-10,299.00,EUR,failed
I002045,S00121,2025-11-10,299.00,EUR,paid
I002046,S00121,2025-12-10,299.00,EUR,paid
I002047,S00121,2026-01-10,299.00,EUR,paid
I002048,S00121,2026-02-10,299.00,EUR,open
I002049,S00121,2026-03-10,299.00,EUR,open
I002050,S00121,2026-04-10,299.00,EUR,paid
I002051,S00121,2026-05-10,299.00,EUR,paid
I002052,S00121,2026-06-10,299.00,EUR,paid
I002053,S00121,2026-07-10,299.00,EUR,paid
I002054,S00122,2025-02-11,299.00,EUR,paid
I002055,S00122,2025-03-11,299.00,EUR,paid
I002056,S00122,2025-04-11,299.00,EUR,open
I002057,S00122,2025-05-11,299.00,EUR,paid
I002058,S00122,2025-06-11,299.00,EUR,paid
I002059,S00122,2025-07-11,299.00,EUR,paid
I002060,S00122,2025-08-11,299.00,EUR,paid
I002061,S00122,2025-09-11,299.00,EUR,paid
I002062,S00122,2025-10-11,299.00,EUR,paid
I002063,S00122,2025-11-11,299.00,EUR,paid
I002064,S00123,2024-06-23,29.00,EUR,paid
I002065,S00123,2024-07-23,29.00,EUR,failed
I002066,S00123,2024-08-23,29.00,EUR,open
I002067,S00123,2024-09-23,29.00,EUR,paid
I002068,S00123,2024-10-23,29.00,EUR,paid
I002069,S00123,2024-11-23,29.00,EUR,paid
I002070,S00124,2024-08-09,99.00,EUR,paid
I002071,S00124,2024-09-09,99.00,EUR,paid
I002072,S00124,2024-10-09,99.00,EUR,paid
I002073,S00124,2024-11-09,99.00,EUR,paid
I002074,S00124,2024-12-09,99.00,EUR,paid
I002075,S00124,2025-01-09,99.00,EUR,paid
I002076,S00124,2025-02-09,99.00,EUR,paid
I002077,S00124,2025-03-09,99.00,EUR,paid
I002078,S00124,2025-04-09,99.00,EUR,paid
I002079,S00124,2025-05-09,99.00,EUR,paid
I002080,S00124,2025-06-09,99.00,EUR,paid
I002081,S00124,2025-07-09,99.00,EUR,paid
I002082,S00124,2025-08-09,99.00,EUR,open
I002083,S00125,2024-12-12,99.00,EUR,paid
I002084,S00125,2025-01-12,99.00,EUR,paid
I002085,S00126,2025-06-19,29.00,EUR,paid
I002086,S00126,2025-07-19,29.00,EUR,open
I002087,S00126,2025-08-19,29.00,EUR,open
I002088,S00126,2025-09-19,29.00,EUR,paid
I002089,S00126,2025-10-19,29.00,EUR,paid
I002090,S00126,2025-11-19,29.00,EUR,paid
I002091,S00126,2025-12-19,29.00,EUR,paid
I002092,S00126,2026-01-19,29.00,EUR,paid
I002093,S00126,2026-02-19,29.00,EUR,paid
I002094,S00126,2026-03-19,29.00,EUR,paid
I002095,S00126,2026-04-19,29.00,EUR,open
I002096,S00126,2026-05-19,29.00,EUR,paid
I002097,S00126,2026-06-19,29.00,EUR,failed
I002098,S00126,2026-07-19,29.00,EUR,paid
I002099,S00127,2024-04-30,299.00,EUR,paid
I002100,S00127,2024-05-30,299.00,EUR,paid
I002101,S00127,2024-06-30,299.00,EUR,paid
I002102,S00127,2024-07-30,299.00,EUR,paid
I002103,S00127,2024-08-30,299.00,EUR,paid
I002104,S00127,2024-09-30,299.00,EUR,paid
I002105,S00127,2024-10-30,299.00,EUR,paid
I002106,S00127,2024-11-30,299.00,EUR,paid
I002107,S00127,2024-12-30,299.00,EUR,paid
I002108,S00127,2025-01-30,299.00,EUR,open
I002109,S00127,2025-02-28,299.00,EUR,paid
I002110,S00127,2025-03-28,299.00,EUR,paid
I002111,S00127,2025-04-28,299.00,EUR,paid
I002112,S00127,2025-05-28,299.00,EUR,paid
I002113,S00127,2025-06-28,299.00,EUR,paid
I002114,S00127,2025-07-28,299.00,EUR,paid
I002115,S00127,2025-08-28,299.00,EUR,open
I002116,S00127,2025-09-28,299.00,EUR,open
I002117,S00127,2025-10-28,299.00,EUR,paid
I002118,S00127,2025-11-28,299.00,EUR,paid
I002119,S00127,2025-12-28,299.00,EUR,paid
I002120,S00127,2026-01-28,299.00,EUR,paid
I002121,S00127,2026-02-28,299.00,EUR,paid
I002122,S00127,2026-03-28,299.00,EUR,paid
I002123,S00127,2026-04-28,299.00,EUR,open
I002124,S00127,2026-05-28,299.00,EUR,paid
I002125,S00127,2026-06-28,299.00,EUR,paid
I002126,S00127,2026-07-28,299.00,EUR,paid
I002127,S00128,2024-01-09,29.00,EUR,paid
I002128,S00128,2024-02-09,29.00,EUR,paid
I002129,S00128,2024-03-09,29.00,EUR,paid
I002130,S00128,2024-04-09,29.00,EUR,paid
I002131,S00128,2024-05-09,29.00,EUR,paid
I002132,S00128,2024-06-09,29.00,EUR,paid
I002133,S00128,2024-07-09,29.00,EUR,paid
I002134,S00128,2024-08-09,29.00,EUR,open
I002135,S00129,2024-08-11,99.00,EUR,paid
I002136,S00129,2024-09-11,99.00,EUR,paid
I002137,S00129,2024-10-11,99.00,EUR,paid
I002138,S00129,2024-11-11,99.00,EUR,open
I002139,S00129,2024-12-11,99.00,EUR,paid
I002140,S00129,2025-01-11,99.00,EUR,paid
I002141,S00129,2025-02-11,99.00,EUR,paid
I002142,S00129,2025-03-11,99.00,EUR,paid
I002143,S00129,2025-04-11,99.00,EUR,paid
I002144,S00129,2025-05-11,99.00,EUR,paid
I002145,S00129,2025-06-11,99.00,EUR,failed
I002146,S00129,2025-07-11,99.00,EUR,open
I002147,S00129,2025-08-11,99.00,EUR,paid
I002148,S00129,2025-09-11,99.00,EUR,paid
I002149,S00129,2025-10-11,99.00,EUR,paid
I002150,S00129,2025-11-11,99.00,EUR,paid
I002151,S00129,2025-12-11,99.00,EUR,paid
I002152,S00129,2026-01-11,99.00,EUR,paid
I002153,S00129,2026-02-11,99.00,EUR,paid
I002154,S00129,2026-03-11,99.00,EUR,paid
I002155,S00129,2026-04-11,99.00,EUR,open
I002156,S00129,2026-05-11,99.00,EUR,paid
I002157,S00129,2026-06-11,99.00,EUR,paid
I002158,S00129,2026-07-11,99.00,EUR,paid
I002159,S00130,2024-02-08,99.00,EUR,paid
I002160,S00130,2024-03-08,99.00,EUR,paid
I002161,S00130,2024-04-08,99.00,EUR,paid
I002162,S00130,2024-05-08,99.00,EUR,failed
I002163,S00130,2024-06-08,99.00,EUR,paid
I002164,S00130,2024-07-08,99.00,EUR,paid
I002165,S00130,2024-08-08,99.00,EUR,paid
I002166,S00130,2024-09-08,99.00,EUR,paid
I002167,S00130,2024-10-08,99.00,EUR,paid
I002168,S00130,2024-11-08,99.00,EUR,paid
I002169,S00130,2024-12-08,99.00,EUR,paid
I002170,S00130,2025-01-08,99.00,EUR,paid
I002171,S00130,2025-02-08,99.00,EUR,paid
I002172,S00130,2025-03-08,99.00,EUR,paid
I002173,S00130,2025-04-08,99.00,EUR,paid
I002174,S00130,2025-05-08,99.00,EUR,paid
I002175,S00130,2025-06-08,99.00,EUR,paid
I002176,S00130,2025-07-08,99.00,EUR,paid
I002177,S00130,2025-08-08,99.00,EUR,paid
I002178,S00130,2025-09-08,99.00,EUR,paid
I002179,S00130,2025-10-08,99.00,EUR,paid
I002180,S00130,2025-11-08,99.00,EUR,paid
I002181,S00130,2025-12-08,99.00,EUR,paid
I002182,S00130,2026-01-08,99.00,EUR,failed
I002183,S00130,2026-02-08,99.00,EUR,paid
I002184,S00130,2026-03-08,99.00,EUR,open
I002185,S00130,2026-04-08,99.00,EUR,paid
I002186,S00130,2026-05-08,99.00,EUR,paid
I002187,S00130,2026-06-08,99.00,EUR,open
I002188,S00130,2026-07-08,99.00,EUR,paid
I002189,S00131,2024-04-03,99.00,EUR,paid
I002190,S00131,2024-05-03,99.00,EUR,paid
I002191,S00131,2024-06-03,99.00,EUR,open
I002192,S00131,2024-07-03,99.00,EUR,paid
I002193,S00131,2024-08-03,99.00,EUR,paid
I002194,S00131,2024-09-03,99.00,EUR,paid
I002195,S00131,2024-10-03,99.00,EUR,paid
I002196,S00131,2024-11-03,99.00,EUR,paid
I002197,S00131,2024-12-03,99.00,EUR,paid
I002198,S00131,2025-01-03,99.00,EUR,paid
I002199,S00131,2025-02-03,99.00,EUR,failed
I002200,S00131,2025-03-03,99.00,EUR,paid
I002201,S00131,2025-04-03,99.00,EUR,paid
I002202,S00131,2025-05-03,99.00,EUR,paid
I002203,S00131,2025-06-03,99.00,EUR,paid
I002204,S00131,2025-07-03,99.00,EUR,paid
I002205,S00131,2025-08-03,99.00,EUR,paid
I002206,S00131,2025-09-03,99.00,EUR,paid
I002207,S00131,2025-10-03,99.00,EUR,paid
I002208,S00131,2025-11-03,99.00,EUR,paid
I002209,S00131,2025-12-03,99.00,EUR,paid
I002210,S00131,2026-01-03,99.00,EUR,paid
I002211,S00131,2026-02-03,99.00,EUR,open
I002212,S00131,2026-03-03,99.00,EUR,paid
I002213,S00131,2026-04-03,99.00,EUR,paid
I002214,S00131,2026-05-03,99.00,EUR,paid
I002215,S00131,2026-06-03,99.00,EUR,paid
I002216,S00131,2026-07-03,99.00,EUR,open
I002217,S00132,2024-11-22,29.00,EUR,paid
I002218,S00132,2024-12-22,29.00,EUR,paid
I002219,S00132,2025-01-22,29.00,EUR,paid
I002220,S00132,2025-02-22,29.00,EUR,paid
I002221,S00132,2025-03-22,29.00,EUR,paid
I002222,S00132,2025-04-22,29.00,EUR,paid
I002223,S00132,2025-05-22,29.00,EUR,paid
I002224,S00132,2025-06-22,29.00,EUR,paid
I002225,S00132,2025-07-22,29.00,EUR,paid
I002226,S00132,2025-08-22,29.00,EUR,paid
I002227,S00132,2025-09-22,29.00,EUR,paid
I002228,S00132,2025-10-22,29.00,EUR,paid
I002229,S00132,2025-11-22,29.00,EUR,paid
I002230,S00132,2025-12-22,29.00,EUR,paid
I002231,S00132,2026-01-22,29.00,EUR,paid
I002232,S00132,2026-02-22,29.00,EUR,paid
I002233,S00132,2026-03-22,29.00,EUR,paid
I002234,S00132,2026-04-22,29.00,EUR,open
I002235,S00132,2026-05-22,29.00,EUR,paid
I002236,S00132,2026-06-22,29.00,EUR,open
I002237,S00132,2026-07-22,29.00,EUR,paid
I002238,S00133,2024-07-10,99.00,EUR,failed
I002239,S00133,2024-08-10,99.00,EUR,paid
I002240,S00133,2024-09-10,99.00,EUR,open
I002241,S00133,2024-10-10,99.00,EUR,paid
I002242,S00133,2024-11-10,99.00,EUR,open
I002243,S00133,2024-12-10,99.00,EUR,paid
I002244,S00133,2025-01-10,99.00,EUR,paid
I002245,S00133,2025-02-10,99.00,EUR,paid
I002246,S00133,2025-03-10,99.00,EUR,open
I002247,S00133,2025-04-10,99.00,EUR,paid
I002248,S00133,2025-05-10,99.00,EUR,paid
I002249,S00133,2025-06-10,99.00,EUR,paid
I002250,S00133,2025-07-10,99.00,EUR,paid
I002251,S00133,2025-08-10,99.00,EUR,open
I002252,S00133,2025-09-10,99.00,EUR,paid
I002253,S00133,2025-10-10,99.00,EUR,paid
I002254,S00133,2025-11-10,99.00,EUR,paid
I002255,S00133,2025-12-10,99.00,EUR,paid
I002256,S00133,2026-01-10,99.00,EUR,paid
I002257,S00133,2026-02-10,99.00,EUR,paid
I002258,S00133,2026-03-10,99.00,EUR,paid
I002259,S00133,2026-04-10,99.00,EUR,paid
I002260,S00133,2026-05-10,99.00,EUR,paid
I002261,S00133,2026-06-10,99.00,EUR,paid
I002262,S00133,2026-07-10,99.00,EUR,paid
I002263,S00134,2025-05-01,99.00,EUR,paid
I002264,S00134,2025-06-01,99.00,EUR,paid
I002265,S00134,2025-07-01,99.00,EUR,paid
I002266,S00134,2025-08-01,99.00,EUR,paid
I002267,S00134,2025-09-01,99.00,EUR,paid
I002268,S00135,2025-11-11,99.00,EUR,paid
I002269,S00135,2025-12-11,99.00,EUR,paid
I002270,S00135,2026-01-11,99.00,EUR,paid
I002271,S00135,2026-02-11,99.00,EUR,failed
I002272,S00135,2026-03-11,99.00,EUR,paid
I002273,S00135,2026-04-11,99.00,EUR,paid
I002274,S00135,2026-05-11,99.00,EUR,paid
I002275,S00135,2026-06-11,99.00,EUR,paid
I002276,S00135,2026-07-11,99.00,EUR,paid
I002277,S00136,2024-12-25,99.00,EUR,paid
I002278,S00136,2025-01-25,99.00,EUR,paid
I002279,S00136,2025-02-25,99.00,EUR,paid
I002280,S00136,2025-03-25,99.00,EUR,paid
I002281,S00136,2025-04-25,99.00,EUR,paid
I002282,S00136,2025-05-25,99.00,EUR,paid
I002283,S00136,2025-06-25,99.00,EUR,paid
I002284,S00136,2025-07-25,99.00,EUR,paid
I002285,S00136,2025-08-25,99.00,EUR,paid
I002286,S00136,2025-09-25,99.00,EUR,paid
I002287,S00136,2025-10-25,99.00,EUR,paid
I002288,S00136,2025-11-25,99.00,EUR,paid
I002289,S00136,2025-12-25,99.00,EUR,paid
I002290,S00136,2026-01-25,99.00,EUR,paid
I002291,S00136,2026-02-25,99.00,EUR,paid
I002292,S00136,2026-03-25,99.00,EUR,paid
I002293,S00136,2026-04-25,99.00,EUR,paid
I002294,S00136,2026-05-25,99.00,EUR,paid
I002295,S00136,2026-06-25,99.00,EUR,open
I002296,S00136,2026-07-25,99.00,EUR,failed
I002297,S00137,2024-09-08,29.00,EUR,paid
I002298,S00137,2024-10-08,29.00,EUR,open
I002299,S00138,2025-04-10,99.00,EUR,paid
I002300,S00138,2025-05-10,99.00,EUR,paid
I002301,S00138,2025-06-10,99.00,EUR,failed
I002302,S00138,2025-07-10,99.00,EUR,open
I002303,S00138,2025-08-10,99.00,EUR,paid
I002304,S00138,2025-09-10,99.00,EUR,paid
I002305,S00138,2025-10-10,99.00,EUR,paid
I002306,S00138,2025-11-10,99.00,EUR,paid
I002307,S00138,2025-12-10,99.00,EUR,paid
I002308,S00138,2026-01-10,99.00,EUR,paid
I002309,S00138,2026-02-10,99.00,EUR,paid
I002310,S00138,2026-03-10,99.00,EUR,paid
I002311,S00139,2026-02-13,99.00,EUR,paid
I002312,S00139,2026-03-13,99.00,EUR,paid
I002313,S00139,2026-04-13,99.00,EUR,open
I002314,S00139,2026-05-13,99.00,EUR,paid
I002315,S00139,2026-06-13,99.00,EUR,paid
I002316,S00139,2026-07-13,99.00,EUR,paid
I002317,S00140,2024-08-03,299.00,EUR,failed
I002318,S00140,2024-09-03,299.00,EUR,paid
I002319,S00140,2024-10-03,299.00,EUR,paid
I002320,S00140,2024-11-03,299.00,EUR,paid
I002321,S00141,2024-08-12,299.00,EUR,paid
I002322,S00141,2024-09-12,299.00,EUR,paid
I002323,S00141,2024-10-12,299.00,EUR,paid
I002324,S00141,2024-11-12,299.00,EUR,paid
I002325,S00141,2024-12-12,299.00,EUR,paid
I002326,S00141,2025-01-12,299.00,EUR,paid
I002327,S00141,2025-02-12,299.00,EUR,paid
I002328,S00141,2025-03-12,299.00,EUR,paid
I002329,S00141,2025-04-12,299.00,EUR,paid
I002330,S00141,2025-05-12,299.00,EUR,paid
I002331,S00141,2025-06-12,299.00,EUR,paid
I002332,S00141,2025-07-12,299.00,EUR,paid
I002333,S00141,2025-08-12,299.00,EUR,paid
I002334,S00141,2025-09-12,299.00,EUR,paid
I002335,S00141,2025-10-12,299.00,EUR,paid
I002336,S00141,2025-11-12,299.00,EUR,paid
I002337,S00141,2025-12-12,299.00,EUR,paid
I002338,S00141,2026-01-12,299.00,EUR,paid
I002339,S00141,2026-02-12,299.00,EUR,paid
I002340,S00141,2026-03-12,299.00,EUR,paid
I002341,S00141,2026-04-12,299.00,EUR,paid
I002342,S00141,2026-05-12,299.00,EUR,paid
I002343,S00141,2026-06-12,299.00,EUR,paid
I002344,S00141,2026-07-12,299.00,EUR,paid
I002345,S00142,2024-10-23,299.00,EUR,paid
I002346,S00142,2024-11-23,299.00,EUR,paid
I002347,S00142,2024-12-23,299.00,EUR,paid
I002348,S00143,2024-02-20,99.00,EUR,paid
I002349,S00143,2024-03-20,99.00,EUR,paid
I002350,S00143,2024-04-20,99.00,EUR,paid
I002351,S00143,2024-05-20,99.00,EUR,failed
I002352,S00143,2024-06-20,99.00,EUR,paid
I002353,S00143,2024-07-20,99.00,EUR,paid
I002354,S00143,2024-08-20,99.00,EUR,paid
I002355,S00143,2024-09-20,99.00,EUR,open
I002356,S00143,2024-10-20,99.00,EUR,paid
I002357,S00143,2024-11-20,99.00,EUR,paid
I002358,S00143,2024-12-20,99.00,EUR,paid
I002359,S00143,2025-01-20,99.00,EUR,paid
I002360,S00143,2025-02-20,99.00,EUR,paid
I002361,S00143,2025-03-20,99.00,EUR,paid
I002362,S00143,2025-04-20,99.00,EUR,paid
I002363,S00143,2025-05-20,99.00,EUR,paid
I002364,S00143,2025-06-20,99.00,EUR,paid
I002365,S00143,2025-07-20,99.00,EUR,failed
I002366,S00143,2025-08-20,99.00,EUR,paid
I002367,S00143,2025-09-20,99.00,EUR,paid
I002368,S00143,2025-10-20,99.00,EUR,paid
I002369,S00143,2025-11-20,99.00,EUR,paid
I002370,S00143,2025-12-20,99.00,EUR,paid
I002371,S00143,2026-01-20,99.00,EUR,paid
I002372,S00143,2026-02-20,99.00,EUR,paid
I002373,S00143,2026-03-20,99.00,EUR,paid
I002374,S00143,2026-04-20,99.00,EUR,paid
I002375,S00143,2026-05-20,99.00,EUR,paid
I002376,S00143,2026-06-20,99.00,EUR,paid
I002377,S00143,2026-07-20,99.00,EUR,paid
I002378,S00144,2025-05-19,99.00,EUR,open
I002379,S00144,2025-06-19,99.00,EUR,paid
I002380,S00144,2025-07-19,99.00,EUR,paid
I002381,S00144,2025-08-19,99.00,EUR,paid
I002382,S00144,2025-09-19,99.00,EUR,paid
I002383,S00144,2025-10-19,99.00,EUR,paid
I002384,S00144,2025-11-19,99.00,EUR,open
I002385,S00144,2025-12-19,99.00,EUR,paid
I002386,S00144,2026-01-19,99.00,EUR,paid
I002387,S00144,2026-02-19,99.00,EUR,paid
I002388,S00144,2026-03-19,99.00,EUR,paid
I002389,S00144,2026-04-19,99.00,EUR,failed
I002390,S00144,2026-05-19,99.00,EUR,paid
I002391,S00144,2026-06-19,99.00,EUR,paid
I002392,S00144,2026-07-19,99.00,EUR,open
I002393,S00145,2024-10-13,99.00,EUR,paid
I002394,S00145,2024-11-13,99.00,EUR,paid
I002395,S00145,2024-12-13,99.00,EUR,paid
I002396,S00145,2025-01-13,99.00,EUR,paid
I002397,S00145,2025-02-13,99.00,EUR,paid
I002398,S00145,2025-03-13,99.00,EUR,paid
I002399,S00145,2025-04-13,99.00,EUR,failed
I002400,S00145,2025-05-13,99.00,EUR,paid
I002401,S00145,2025-06-13,99.00,EUR,paid
I002402,S00145,2025-07-13,99.00,EUR,paid
I002403,S00146,2025-09-21,99.00,EUR,paid
I002404,S00146,2025-10-21,99.00,EUR,paid
I002405,S00146,2025-11-21,99.00,EUR,paid
I002406,S00147,2025-01-19,29.00,EUR,paid
I002407,S00147,2025-02-19,29.00,EUR,paid
I002408,S00147,2025-03-19,29.00,EUR,paid
I002409,S00147,2025-04-19,29.00,EUR,paid
I002410,S00147,2025-05-19,29.00,EUR,paid
I002411,S00147,2025-06-19,29.00,EUR,failed
I002412,S00147,2025-07-19,29.00,EUR,paid
I002413,S00147,2025-08-19,29.00,EUR,open
I002414,S00147,2025-09-19,29.00,EUR,paid
I002415,S00147,2025-10-19,29.00,EUR,paid
I002416,S00147,2025-11-19,29.00,EUR,paid
I002417,S00147,2025-12-19,29.00,EUR,paid
I002418,S00147,2026-01-19,29.00,EUR,paid
I002419,S00147,2026-02-19,29.00,EUR,paid
I002420,S00147,2026-03-19,29.00,EUR,paid
I002421,S00147,2026-04-19,29.00,EUR,paid
I002422,S00147,2026-05-19,29.00,EUR,paid
I002423,S00147,2026-06-19,29.00,EUR,paid
I002424,S00147,2026-07-19,29.00,EUR,failed
I002425,S00148,2025-11-21,299.00,EUR,paid
I002426,S00148,2025-12-21,299.00,EUR,paid
I002427,S00148,2026-01-21,299.00,EUR,paid
I002428,S00148,2026-02-21,299.00,EUR,paid
I002429,S00148,2026-03-21,299.00,EUR,paid
I002430,S00148,2026-04-21,299.00,EUR,paid
I002431,S00148,2026-05-21,299.00,EUR,paid
I002432,S00148,2026-06-21,299.00,EUR,paid
I002433,S00148,2026-07-21,299.00,EUR,paid
I002434,S00150,2025-01-01,299.00,EUR,paid
I002435,S00150,2025-02-01,299.00,EUR,paid
I002436,S00150,2025-03-01,299.00,EUR,paid
I002437,S00150,2025-04-01,299.00,EUR,failed
I002438,S00150,2025-05-01,299.00,EUR,paid
I002439,S00150,2025-06-01,299.00,EUR,paid
I002440,S00150,2025-07-01,299.00,EUR,paid
I002441,S00150,2025-08-01,299.00,EUR,paid
I002442,S00150,2025-09-01,299.00,EUR,open
I002443,S00150,2025-10-01,299.00,EUR,open
I002444,S00150,2025-11-01,299.00,EUR,paid
I002445,S00150,2025-12-01,299.00,EUR,paid
I002446,S00150,2026-01-01,299.00,EUR,paid
I002447,S00150,2026-02-01,299.00,EUR,failed
I002448,S00150,2026-03-01,299.00,EUR,paid
I002449,S00150,2026-04-01,299.00,EUR,paid
I002450,S00150,2026-05-01,299.00,EUR,paid
I002451,S00150,2026-06-01,299.00,EUR,paid
I002452,S00150,2026-07-01,299.00,EUR,paid
I002453,S00151,2025-01-11,99.00,EUR,paid
I002454,S00151,2025-02-11,99.00,EUR,paid
I002455,S00151,2025-03-11,99.00,EUR,paid
I002456,S00151,2025-04-11,99.00,EUR,open
I002457,S00151,2025-05-11,99.00,EUR,paid
I002458,S00151,2025-06-11,99.00,EUR,paid
I002459,S00151,2025-07-11,99.00,EUR,paid
I002460,S00151,2025-08-11,99.00,EUR,paid
I002461,S00151,2025-09-11,99.00,EUR,paid
I002462,S00151,2025-10-11,99.00,EUR,paid
I002463,S00151,2025-11-11,99.00,EUR,paid
I002464,S00151,2025-12-11,99.00,EUR,paid
I002465,S00151,2026-01-11,99.00,EUR,paid
I002466,S00151,2026-02-11,99.00,EUR,paid
I002467,S00151,2026-03-11,99.00,EUR,paid
I002468,S00151,2026-04-11,99.00,EUR,paid
I002469,S00151,2026-05-11,99.00,EUR,paid
I002470,S00151,2026-06-11,99.00,EUR,paid
I002471,S00151,2026-07-11,99.00,EUR,paid
I002472,S00152,2025-09-27,99.00,EUR,failed
I002473,S00152,2025-10-27,99.00,EUR,paid
I002474,S00152,2025-11-27,99.00,EUR,paid
I002475,S00152,2025-12-27,99.00,EUR,paid
I002476,S00152,2026-01-27,99.00,EUR,paid
I002477,S00152,2026-02-27,99.00,EUR,paid
I002478,S00152,2026-03-27,99.00,EUR,paid
I002479,S00152,2026-04-27,99.00,EUR,paid
I002480,S00152,2026-05-27,99.00,EUR,paid
I002481,S00153,2024-07-21,299.00,EUR,paid
I002482,S00153,2024-08-21,299.00,EUR,paid
I002483,S00153,2024-09-21,299.00,EUR,paid
I002484,S00153,2024-10-21,299.00,EUR,paid
I002485,S00153,2024-11-21,299.00,EUR,paid
I002486,S00153,2024-12-21,299.00,EUR,paid
I002487,S00153,2025-01-21,299.00,EUR,failed
I002488,S00153,2025-02-21,299.00,EUR,paid
I002489,S00153,2025-03-21,299.00,EUR,paid
I002490,S00153,2025-04-21,299.00,EUR,paid
I002491,S00153,2025-05-21,299.00,EUR,paid
I002492,S00153,2025-06-21,299.00,EUR,paid
I002493,S00153,2025-07-21,299.00,EUR,paid
I002494,S00153,2025-08-21,299.00,EUR,paid
I002495,S00153,2025-09-21,299.00,EUR,paid
I002496,S00153,2025-10-21,299.00,EUR,paid
I002497,S00153,2025-11-21,299.00,EUR,paid
I002498,S00153,2025-12-21,299.00,EUR,paid
I002499,S00153,2026-01-21,299.00,EUR,failed
I002500,S00153,2026-02-21,299.00,EUR,paid
I002501,S00153,2026-03-21,299.00,EUR,paid
I002502,S00153,2026-04-21,299.00,EUR,paid
I002503,S00153,2026-05-21,299.00,EUR,paid
I002504,S00153,2026-06-21,299.00,EUR,paid
I002505,S00153,2026-07-21,299.00,EUR,paid
I002506,S00154,2024-06-12,299.00,EUR,open
I002507,S00154,2024-07-12,299.00,EUR,paid
I002508,S00154,2024-08-12,299.00,EUR,paid
I002509,S00154,2024-09-12,299.00,EUR,paid
I002510,S00154,2024-10-12,299.00,EUR,paid
I002511,S00154,2024-11-12,299.00,EUR,paid
I002512,S00154,2024-12-12,299.00,EUR,failed
I002513,S00154,2025-01-12,299.00,EUR,paid
I002514,S00154,2025-02-12,299.00,EUR,paid
I002515,S00154,2025-03-12,299.00,EUR,paid
I002516,S00154,2025-04-12,299.00,EUR,paid
I002517,S00154,2025-05-12,299.00,EUR,failed
I002518,S00154,2025-06-12,299.00,EUR,paid
I002519,S00154,2025-07-12,299.00,EUR,paid
I002520,S00154,2025-08-12,299.00,EUR,paid
I002521,S00154,2025-09-12,299.00,EUR,open
I002522,S00154,2025-10-12,299.00,EUR,paid
I002523,S00154,2025-11-12,299.00,EUR,paid
I002524,S00154,2025-12-12,299.00,EUR,paid
I002525,S00154,2026-01-12,299.00,EUR,paid
I002526,S00154,2026-02-12,299.00,EUR,paid
I002527,S00154,2026-03-12,299.00,EUR,paid
I002528,S00154,2026-04-12,299.00,EUR,open
I002529,S00154,2026-05-12,299.00,EUR,paid
I002530,S00154,2026-06-12,299.00,EUR,paid
I002531,S00154,2026-07-12,299.00,EUR,failed
I002532,S00155,2024-11-24,99.00,EUR,open
I002533,S00155,2024-12-24,99.00,EUR,paid
I002534,S00155,2025-01-24,99.00,EUR,paid
I002535,S00155,2025-02-24,99.00,EUR,failed
I002536,S00155,2025-03-24,99.00,EUR,failed
I002537,S00155,2025-04-24,99.00,EUR,paid
I002538,S00155,2025-05-24,99.00,EUR,paid
I002539,S00155,2025-06-24,99.00,EUR,paid
I002540,S00155,2025-07-24,99.00,EUR,paid
I002541,S00155,2025-08-24,99.00,EUR,paid
I002542,S00155,2025-09-24,99.00,EUR,paid
I002543,S00155,2025-10-24,99.00,EUR,paid
I002544,S00155,2025-11-24,99.00,EUR,open
I002545,S00155,2025-12-24,99.00,EUR,paid
I002546,S00155,2026-01-24,99.00,EUR,failed
I002547,S00155,2026-02-24,99.00,EUR,paid
I002548,S00155,2026-03-24,99.00,EUR,paid
I002549,S00155,2026-04-24,99.00,EUR,paid
I002550,S00155,2026-05-24,99.00,EUR,paid
I002551,S00155,2026-06-24,99.00,EUR,paid
I002552,S00155,2026-07-24,99.00,EUR,paid
I002553,S00156,2024-05-05,99.00,EUR,failed
I002554,S00156,2024-06-05,99.00,EUR,paid
I002555,S00156,2024-07-05,99.00,EUR,failed
I002556,S00156,2024-08-05,99.00,EUR,paid
I002557,S00156,2024-09-05,99.00,EUR,paid
I002558,S00156,2024-10-05,99.00,EUR,paid
I002559,S00156,2024-11-05,99.00,EUR,paid
I002560,S00156,2024-12-05,99.00,EUR,paid
I002561,S00156,2025-01-05,99.00,EUR,paid
I002562,S00156,2025-02-05,99.00,EUR,paid
I002563,S00156,2025-03-05,99.00,EUR,paid
I002564,S00156,2025-04-05,99.00,EUR,paid
I002565,S00156,2025-05-05,99.00,EUR,paid
I002566,S00156,2025-06-05,99.00,EUR,paid
I002567,S00156,2025-07-05,99.00,EUR,paid
I002568,S00156,2025-08-05,99.00,EUR,paid
I002569,S00156,2025-09-05,99.00,EUR,paid
I002570,S00156,2025-10-05,99.00,EUR,paid
I002571,S00156,2025-11-05,99.00,EUR,paid
I002572,S00156,2025-12-05,99.00,EUR,paid
I002573,S00156,2026-01-05,99.00,EUR,paid
I002574,S00156,2026-02-05,99.00,EUR,paid
I002575,S00156,2026-03-05,99.00,EUR,paid
I002576,S00156,2026-04-05,99.00,EUR,paid
I002577,S00156,2026-05-05,99.00,EUR,paid
I002578,S00156,2026-06-05,99.00,EUR,paid
I002579,S00156,2026-07-05,99.00,EUR,paid
I002580,S00157,2024-10-10,99.00,EUR,paid
I002581,S00157,2024-11-10,99.00,EUR,paid
I002582,S00157,2024-12-10,99.00,EUR,paid
I002583,S00157,2025-01-10,99.00,EUR,paid
I002584,S00157,2025-02-10,99.00,EUR,paid
I002585,S00157,2025-03-10,99.00,EUR,paid
I002586,S00157,2025-04-10,99.00,EUR,open
I002587,S00157,2025-05-10,99.00,EUR,paid
I002588,S00157,2025-06-10,99.00,EUR,open
I002589,S00157,2025-07-10,99.00,EUR,paid
I002590,S00157,2025-08-10,99.00,EUR,paid
I002591,S00157,2025-09-10,99.00,EUR,paid
I002592,S00157,2025-10-10,99.00,EUR,paid
I002593,S00158,2025-08-01,299.00,EUR,paid
I002594,S00158,2025-09-01,299.00,EUR,paid
I002595,S00158,2025-10-01,299.00,EUR,paid
I002596,S00158,2025-11-01,299.00,EUR,open
I002597,S00158,2025-12-01,299.00,EUR,paid
I002598,S00158,2026-01-01,299.00,EUR,failed
I002599,S00158,2026-02-01,299.00,EUR,failed
I002600,S00158,2026-03-01,299.00,EUR,paid
I002601,S00158,2026-04-01,299.00,EUR,paid
I002602,S00158,2026-05-01,299.00,EUR,paid
I002603,S00158,2026-06-01,299.00,EUR,paid
I002604,S00158,2026-07-01,299.00,EUR,paid
I002605,S00159,2025-04-25,99.00,EUR,paid
I002606,S00159,2025-05-25,99.00,EUR,open
I002607,S00159,2025-06-25,99.00,EUR,paid
I002608,S00159,2025-07-25,99.00,EUR,open
I002609,S00159,2025-08-25,99.00,EUR,paid
I002610,S00159,2025-09-25,99.00,EUR,paid
I002611,S00159,2025-10-25,99.00,EUR,paid
I002612,S00159,2025-11-25,99.00,EUR,paid
I002613,S00159,2025-12-25,99.00,EUR,paid
I002614,S00159,2026-01-25,99.00,EUR,paid
I002615,S00159,2026-02-25,99.00,EUR,failed
I002616,S00159,2026-03-25,99.00,EUR,paid
I002617,S00159,2026-04-25,99.00,EUR,paid
I002618,S00159,2026-05-25,99.00,EUR,paid
I002619,S00159,2026-06-25,99.00,EUR,paid
I002620,S00159,2026-07-25,99.00,EUR,paid
I002621,S00160,2024-11-30,99.00,EUR,paid
I002622,S00160,2024-12-30,99.00,EUR,paid
I002623,S00160,2025-01-30,99.00,EUR,paid
I002624,S00160,2025-02-28,99.00,EUR,paid
I002625,S00160,2025-03-28,99.00,EUR,paid
I002626,S00160,2025-04-28,99.00,EUR,paid
I002627,S00160,2025-05-28,99.00,EUR,paid
I002628,S00160,2025-06-28,99.00,EUR,paid
I002629,S00160,2025-07-28,99.00,EUR,paid
I002630,S00160,2025-08-28,99.00,EUR,paid
I002631,S00160,2025-09-28,99.00,EUR,paid
I002632,S00160,2025-10-28,99.00,EUR,paid
I002633,S00160,2025-11-28,99.00,EUR,paid
I002634,S00160,2025-12-28,99.00,EUR,failed
I002635,S00160,2026-01-28,99.00,EUR,paid
I002636,S00160,2026-02-28,99.00,EUR,paid
I002637,S00160,2026-03-28,99.00,EUR,paid
I002638,S00160,2026-04-28,99.00,EUR,paid
I002639,S00160,2026-05-28,99.00,EUR,paid
I002640,S00160,2026-06-28,99.00,EUR,paid
I002641,S00160,2026-07-28,99.00,EUR,paid
I002642,S00161,2024-12-25,29.00,EUR,paid
I002643,S00161,2025-01-25,29.00,EUR,paid
I002644,S00161,2025-02-25,29.00,EUR,paid
I002645,S00161,2025-03-25,29.00,EUR,paid
I002646,S00161,2025-04-25,29.00,EUR,paid
I002647,S00161,2025-05-25,29.00,EUR,paid
I002648,S00161,2025-06-25,29.00,EUR,paid
I002649,S00161,2025-07-25,29.00,EUR,paid
I002650,S00161,2025-08-25,29.00,EUR,paid
I002651,S00161,2025-09-25,29.00,EUR,paid
I002652,S00161,2025-10-25,29.00,EUR,paid
I002653,S00161,2025-11-25,29.00,EUR,paid
I002654,S00161,2025-12-25,29.00,EUR,paid
I002655,S00161,2026-01-25,29.00,EUR,paid
I002656,S00161,2026-02-25,29.00,EUR,failed
I002657,S00161,2026-03-25,29.00,EUR,paid
I002658,S00161,2026-04-25,29.00,EUR,failed
I002659,S00161,2026-05-25,29.00,EUR,paid
I002660,S00161,2026-06-25,29.00,EUR,paid
I002661,S00161,2026-07-25,29.00,EUR,paid
I002662,S00162,2025-09-09,99.00,EUR,open
I002663,S00162,2025-10-09,99.00,EUR,paid
I002664,S00162,2025-11-09,99.00,EUR,paid
I002665,S00162,2025-12-09,99.00,EUR,failed
I002666,S00162,2026-01-09,99.00,EUR,paid
I002667,S00162,2026-02-09,99.00,EUR,paid
I002668,S00162,2026-03-09,99.00,EUR,open
I002669,S00162,2026-04-09,99.00,EUR,failed
I002670,S00162,2026-05-09,99.00,EUR,paid
I002671,S00162,2026-06-09,99.00,EUR,paid
I002672,S00162,2026-07-09,99.00,EUR,paid
I002673,S00163,2024-11-03,99.00,EUR,open
I002674,S00163,2024-12-03,99.00,EUR,paid
I002675,S00163,2025-01-03,99.00,EUR,paid
I002676,S00163,2025-02-03,99.00,EUR,paid
I002677,S00163,2025-03-03,99.00,EUR,paid
I002678,S00163,2025-04-03,99.00,EUR,paid
I002679,S00163,2025-05-03,99.00,EUR,open
I002680,S00163,2025-06-03,99.00,EUR,paid
I002681,S00163,2025-07-03,99.00,EUR,paid
I002682,S00163,2025-08-03,99.00,EUR,failed
I002683,S00163,2025-09-03,99.00,EUR,paid
I002684,S00163,2025-10-03,99.00,EUR,failed
I002685,S00164,2025-07-15,299.00,EUR,paid
I002686,S00164,2025-08-15,299.00,EUR,paid
I002687,S00164,2025-09-15,299.00,EUR,paid
I002688,S00164,2025-10-15,299.00,EUR,paid
I002689,S00164,2025-11-15,299.00,EUR,paid
I002690,S00164,2025-12-15,299.00,EUR,open
I002691,S00164,2026-01-15,299.00,EUR,paid
I002692,S00164,2026-02-15,299.00,EUR,paid
I002693,S00164,2026-03-15,299.00,EUR,paid
I002694,S00164,2026-04-15,299.00,EUR,paid
I002695,S00164,2026-05-15,299.00,EUR,failed
I002696,S00164,2026-06-15,299.00,EUR,paid
I002697,S00164,2026-07-15,299.00,EUR,paid
I002698,S00165,2026-01-14,29.00,EUR,failed
I002699,S00165,2026-02-14,29.00,EUR,paid
I002700,S00165,2026-03-14,29.00,EUR,paid
I002701,S00165,2026-04-14,29.00,EUR,paid
I002702,S00165,2026-05-14,29.00,EUR,paid
I002703,S00166,2025-03-19,299.00,EUR,paid
I002704,S00166,2025-04-19,299.00,EUR,paid
I002705,S00166,2025-05-19,299.00,EUR,paid
I002706,S00166,2025-06-19,299.00,EUR,paid
I002707,S00166,2025-07-19,299.00,EUR,paid
I002708,S00166,2025-08-19,299.00,EUR,paid
I002709,S00166,2025-09-19,299.00,EUR,paid
I002710,S00166,2025-10-19,299.00,EUR,paid
I002711,S00166,2025-11-19,299.00,EUR,paid
I002712,S00166,2025-12-19,299.00,EUR,paid
I002713,S00166,2026-01-19,299.00,EUR,paid
I002714,S00166,2026-02-19,299.00,EUR,paid
I002715,S00166,2026-03-19,299.00,EUR,paid
I002716,S00166,2026-04-19,299.00,EUR,paid
I002717,S00166,2026-05-19,299.00,EUR,paid
I002718,S00166,2026-06-19,299.00,EUR,paid
I002719,S00166,2026-07-19,299.00,EUR,paid
I002720,S00167,2026-02-01,29.00,EUR,paid
I002721,S00167,2026-03-01,29.00,EUR,paid
I002722,S00167,2026-04-01,29.00,EUR,open
I002723,S00167,2026-05-01,29.00,EUR,paid
I002724,S00167,2026-06-01,29.00,EUR,paid
I002725,S00167,2026-07-01,29.00,EUR,paid
I002726,S00168,2024-11-12,29.00,EUR,paid
I002727,S00168,2024-12-12,29.00,EUR,paid
I002728,S00168,2025-01-12,29.00,EUR,paid
I002729,S00168,2025-02-12,29.00,EUR,paid
I002730,S00168,2025-03-12,29.00,EUR,paid
I002731,S00168,2025-04-12,29.00,EUR,paid
I002732,S00168,2025-05-12,29.00,EUR,paid
I002733,S00168,2025-06-12,29.00,EUR,paid
I002734,S00168,2025-07-12,29.00,EUR,paid
I002735,S00168,2025-08-12,29.00,EUR,paid
I002736,S00168,2025-09-12,29.00,EUR,paid
I002737,S00168,2025-10-12,29.00,EUR,failed
I002738,S00168,2025-11-12,29.00,EUR,paid
I002739,S00168,2025-12-12,29.00,EUR,paid
I002740,S00168,2026-01-12,29.00,EUR,open
I002741,S00168,2026-02-12,29.00,EUR,paid
I002742,S00168,2026-03-12,29.00,EUR,paid
I002743,S00168,2026-04-12,29.00,EUR,paid
I002744,S00168,2026-05-12,29.00,EUR,failed
I002745,S00168,2026-06-12,29.00,EUR,paid
I002746,S00168,2026-07-12,29.00,EUR,paid
I002747,S00169,2025-01-01,299.00,EUR,paid
I002748,S00169,2025-02-01,299.00,EUR,paid
I002749,S00169,2025-03-01,299.00,EUR,paid
I002750,S00169,2025-04-01,299.00,EUR,paid
I002751,S00169,2025-05-01,299.00,EUR,failed
I002752,S00169,2025-06-01,299.00,EUR,paid
I002753,S00169,2025-07-01,299.00,EUR,paid
I002754,S00169,2025-08-01,299.00,EUR,open
I002755,S00169,2025-09-01,299.00,EUR,paid
I002756,S00169,2025-10-01,299.00,EUR,paid
I002757,S00169,2025-11-01,299.00,EUR,paid
I002758,S00169,2025-12-01,299.00,EUR,paid
I002759,S00169,2026-01-01,299.00,EUR,paid
I002760,S00169,2026-02-01,299.00,EUR,paid
I002761,S00169,2026-03-01,299.00,EUR,paid
I002762,S00169,2026-04-01,299.00,EUR,paid
I002763,S00169,2026-05-01,299.00,EUR,paid
I002764,S00169,2026-06-01,299.00,EUR,paid
I002765,S00169,2026-07-01,299.00,EUR,open
I002766,S00170,2025-01-01,29.00,EUR,open
I002767,S00170,2025-02-01,29.00,EUR,failed
I002768,S00170,2025-03-01,29.00,EUR,failed
I002769,S00170,2025-04-01,29.00,EUR,paid
I002770,S00170,2025-05-01,29.00,EUR,paid
I002771,S00170,2025-06-01,29.00,EUR,paid
I002772,S00170,2025-07-01,29.00,EUR,paid
I002773,S00170,2025-08-01,29.00,EUR,paid
I002774,S00170,2025-09-01,29.00,EUR,paid
I002775,S00170,2025-10-01,29.00,EUR,paid
I002776,S00170,2025-11-01,29.00,EUR,paid
I002777,S00170,2025-12-01,29.00,EUR,paid
I002778,S00170,2026-01-01,29.00,EUR,paid
I002779,S00170,2026-02-01,29.00,EUR,paid
I002780,S00170,2026-03-01,29.00,EUR,paid
I002781,S00170,2026-04-01,29.00,EUR,open
I002782,S00170,2026-05-01,29.00,EUR,paid
I002783,S00170,2026-06-01,29.00,EUR,paid
I002784,S00170,2026-07-01,29.00,EUR,paid
I002785,S00171,2024-09-22,29.00,EUR,paid
I002786,S00171,2024-10-22,29.00,EUR,paid
I002787,S00171,2024-11-22,29.00,EUR,paid
I002788,S00171,2024-12-22,29.00,EUR,paid
I002789,S00171,2025-01-22,29.00,EUR,paid
I002790,S00171,2025-02-22,29.00,EUR,paid
I002791,S00171,2025-03-22,29.00,EUR,paid
I002792,S00171,2025-04-22,29.00,EUR,paid
I002793,S00171,2025-05-22,29.00,EUR,paid
I002794,S00171,2025-06-22,29.00,EUR,paid
I002795,S00171,2025-07-22,29.00,EUR,paid
I002796,S00171,2025-08-22,29.00,EUR,paid
I002797,S00171,2025-09-22,29.00,EUR,paid
I002798,S00171,2025-10-22,29.00,EUR,paid
I002799,S00171,2025-11-22,29.00,EUR,open
I002800,S00171,2025-12-22,29.00,EUR,paid
I002801,S00171,2026-01-22,29.00,EUR,paid
I002802,S00171,2026-02-22,29.00,EUR,paid
I002803,S00171,2026-03-22,29.00,EUR,paid
I002804,S00171,2026-04-22,29.00,EUR,paid
I002805,S00171,2026-05-22,29.00,EUR,paid
I002806,S00171,2026-06-22,29.00,EUR,paid
I002807,S00171,2026-07-22,29.00,EUR,open
I002808,S00172,2024-04-24,99.00,EUR,paid
I002809,S00172,2024-05-24,99.00,EUR,paid
I002810,S00172,2024-06-24,99.00,EUR,paid
I002811,S00172,2024-07-24,99.00,EUR,open
I002812,S00172,2024-08-24,99.00,EUR,paid
I002813,S00172,2024-09-24,99.00,EUR,paid
I002814,S00172,2024-10-24,99.00,EUR,paid
I002815,S00172,2024-11-24,99.00,EUR,paid
I002816,S00172,2024-12-24,99.00,EUR,paid
I002817,S00172,2025-01-24,99.00,EUR,paid
I002818,S00173,2025-01-18,29.00,EUR,paid
I002819,S00173,2025-02-18,29.00,EUR,paid
I002820,S00173,2025-03-18,29.00,EUR,open
I002821,S00173,2025-04-18,29.00,EUR,paid
I002822,S00173,2025-05-18,29.00,EUR,paid
I002823,S00173,2025-06-18,29.00,EUR,failed
I002824,S00173,2025-07-18,29.00,EUR,paid
I002825,S00173,2025-08-18,29.00,EUR,paid
I002826,S00173,2025-09-18,29.00,EUR,paid
I002827,S00173,2025-10-18,29.00,EUR,paid
I002828,S00173,2025-11-18,29.00,EUR,paid
I002829,S00173,2025-12-18,29.00,EUR,paid
I002830,S00173,2026-01-18,29.00,EUR,paid
I002831,S00173,2026-02-18,29.00,EUR,paid
I002832,S00173,2026-03-18,29.00,EUR,paid
I002833,S00173,2026-04-18,29.00,EUR,paid
I002834,S00173,2026-05-18,29.00,EUR,paid
I002835,S00173,2026-06-18,29.00,EUR,paid
I002836,S00173,2026-07-18,29.00,EUR,paid
I002837,S00174,2025-01-11,299.00,EUR,paid
I002838,S00174,2025-02-11,299.00,EUR,paid
I002839,S00174,2025-03-11,299.00,EUR,paid
I002840,S00174,2025-04-11,299.00,EUR,paid
I002841,S00174,2025-05-11,299.00,EUR,paid
I002842,S00174,2025-06-11,299.00,EUR,paid
I002843,S00174,2025-07-11,299.00,EUR,failed
I002844,S00174,2025-08-11,299.00,EUR,paid
I002845,S00174,2025-09-11,299.00,EUR,failed
I002846,S00174,2025-10-11,299.00,EUR,paid
I002847,S00174,2025-11-11,299.00,EUR,paid
I002848,S00174,2025-12-11,299.00,EUR,paid
I002849,S00174,2026-01-11,299.00,EUR,paid
I002850,S00174,2026-02-11,299.00,EUR,paid
I002851,S00174,2026-03-11,299.00,EUR,paid
I002852,S00174,2026-04-11,299.00,EUR,paid
I002853,S00174,2026-05-11,299.00,EUR,paid
I002854,S00174,2026-06-11,299.00,EUR,paid
I002855,S00174,2026-07-11,299.00,EUR,open
